"","not_fully_repaid","accepted","FICO_score","dti","Employment.Length","Amount.Requested"
"1",NA,"0","788","10.59","< 1 year","8500"
"2",NA,"0","603","22.97","< 1 year","25000"
"3",NA,"0","645","25.5","< 1 year","6000"
"4",NA,"0","689","0.39","< 1 year","10000"
"5",NA,"0","717","5.5","< 1 year","40000"
"6",NA,"0","672","30.27","< 1 year","40000"
"7",NA,"0","628","18.48","< 1 year","15000"
"8","1","1","687","6.85","3 years","5000"
"9","0","1","687","34.76","< 1 year","10000"
"10",NA,"0","625","24","< 1 year","13000"
"11",NA,"0","615","36.64","< 1 year","11000"
"12",NA,"0","634","14.18","< 1 year","4000"
"13",NA,"0","766","23.21","< 1 year","35000"
"14",NA,"0","684","41.78","< 1 year","12400"
"15",NA,"0","760","23.65","< 1 year","20000"
"16",NA,"0","636","44.41","< 1 year","21000"
"17",NA,"0","597","100","< 1 year","27925"
"18",NA,"0","722","22.59","10+ years","15000"
"19",NA,"0","632","69.08","< 1 year","10000"
"20",NA,"0","592","0","< 1 year","1000"
"21",NA,"0","738","29.2","< 1 year","8000"
"22",NA,"0","747","43.94","< 1 year","30000"
"23","0","1","752","21.48","2 years","1500"
"24",NA,"0","501","13.1","< 1 year","2500"
"25",NA,"0","650","31.26","< 1 year","3500"
"26",NA,"0","639","1.82","< 1 year","6000"
"27",NA,"0","665","72.83","< 1 year","30000"
"28",NA,"0","690","52.63","< 1 year","35000"
"29",NA,"0","651","24.23","< 1 year","5000"
"30",NA,"0","685","31","< 1 year","35000"
"31",NA,"0","616","7.47","< 1 year","20000"
"32",NA,"0","469","8.98","1 year","2000"
"33",NA,"0","658","99.85","< 1 year","25000"
"34",NA,"0","610","0.8","< 1 year","5000"
"35",NA,"0","609","13.5","< 1 year","3200"
"36",NA,"0","530","4.03","< 1 year","3000"
"37",NA,"0","663","26.75","5 years","5000"
"38",NA,"0","675","28.76","10+ years","40000"
"39",NA,"0","605","53.78","< 1 year","35000"
"40",NA,"0","594","146.32","< 1 year","6000"
"41",NA,"0","570","26.62","< 1 year","1000"
"42",NA,"0","731","17.71","< 1 year","16000"
"43",NA,"0","700","0","5 years","1000"
"44","0","1","682","14.53","2 years","9000"
"45",NA,"0","693","22.32","10+ years","20000"
"46","0","1","702","12.96","1 year","15000"
"47",NA,"0","655","29.63","< 1 year","15000"
"48",NA,"0","666","10.7","7 years","23000"
"49",NA,"0","624","39.89","< 1 year","5000"
"50","0","1","672","12.33","7 years","7000"
"51","0","1","662","6.5","10+ years","10000"
"52",NA,"0","722","23.11","< 1 year","16000"
"53",NA,"0","742","5.91","< 1 year","6000"
"54",NA,"0","577","14.12","< 1 year","4500"
"55",NA,"0","656","25.8","< 1 year","40000"
"56",NA,"0","597","2.2","< 1 year","10000"
"57",NA,"0","686","17.4","< 1 year","10000"
"58",NA,"0","632","37.79","< 1 year","10000"
"59",NA,"0","501","21.56","< 1 year","2000"
"60",NA,"0","591","39.78","< 1 year","10000"
"61",NA,"0","833","26.36","< 1 year","10000"
"62",NA,"0","630","27.18","< 1 year","25000"
"63",NA,"0","578","39.38","< 1 year","5000"
"64",NA,"0","501","39.51","< 1 year","7000"
"65",NA,"0","623","35.18","< 1 year","20000"
"66",NA,"0","638","9.09","< 1 year","5000"
"67",NA,"0","696","27.66","< 1 year","25000"
"68",NA,"0","608","16.43","< 1 year","20000"
"69",NA,"0","726","17.92","< 1 year","10000"
"70",NA,"0","573","3.28","< 1 year","5000"
"71",NA,"0","651","9.99","< 1 year","5000"
"72",NA,"0","628","100","< 1 year","14025"
"73",NA,"0","608","35.93","< 1 year","10000"
"74","0","1","687","4.76","10+ years","15000"
"75",NA,"0","689","23.77","< 1 year","3000"
"76",NA,"0","720","30.44","10+ years","30000"
"77",NA,"0","672","10.39","< 1 year","40000"
"78",NA,"0","660","124.77","< 1 year","12000"
"79",NA,"0","547","216.92","< 1 year","2000"
"80","0","1","742","13.52","5 years","10000"
"81",NA,"0","673","9.97","< 1 year","10000"
"82",NA,"0","539","0.93","< 1 year","1000"
"83",NA,"0","584","10.93","< 1 year","25000"
"84",NA,"0","680","0.91","< 1 year","7000"
"85",NA,"0","552","21.31","< 1 year","15500"
"86",NA,"0","670","27.67","< 1 year","20000"
"87",NA,"0","609","43.96","< 1 year","12000"
"88",NA,"0","628","15.45","< 1 year","3000"
"89",NA,"0","665","22.85","< 1 year","6500"
"90",NA,"0","629","14.43","< 1 year","10000"
"91",NA,"0","707","2.35","< 1 year","8000"
"92",NA,"0","745","0","< 1 year","3000"
"93",NA,"0","601","52.39","< 1 year","30000"
"94",NA,"0","687","35.72","< 1 year","33000"
"95",NA,"0","767","9999","< 1 year","35000"
"96",NA,"0","663","17.08","10+ years","20000"
"97",NA,"0","672","18.62","< 1 year","6000"
"98","0","1","662","28.72","1 year","14000"
"99",NA,"0","588","19.12","< 1 year","4000"
"100",NA,"0","639","20.31","< 1 year","5000"
"101",NA,"0","649","59.45","< 1 year","5000"
"102",NA,"0","546","16.45","< 1 year","10000"
"103",NA,"0","564","0.14","< 1 year","30000"
"104",NA,"0","646","100","< 1 year","20000"
"105",NA,"0","643","11.03","< 1 year","3000"
"106","0","1","687","6.58","< 1 year","4400"
"107",NA,"0","602","46.31","< 1 year","5000"
"108",NA,"0","600","9.4","< 1 year","1000"
"109",NA,"0","539","13.01","< 1 year","7000"
"110",NA,"0","616","1.53","< 1 year","3000"
"111",NA,"0","612","30.92","< 1 year","8000"
"112",NA,"0","676","910.64","< 1 year","35000"
"113",NA,"0","629","17.18","< 1 year","12000"
"114",NA,"0","610","70.89","< 1 year","5000"
"115",NA,"0","706","24.31","< 1 year","20000"
"116","0","1","692","16.98","3 years","9000"
"117",NA,"0","527","52.78","< 1 year","4000"
"118",NA,"0","726","1.57","2 years","13500"
"119",NA,"0","661","35.02","< 1 year","10000"
"120",NA,"0","573","5.12","< 1 year","7000"
"121",NA,"0","735","1.18","< 1 year","5000"
"122",NA,"0","697","39.77","< 1 year","5000"
"123",NA,"0","573","0","1 year","5000"
"124",NA,"0","649","9.07","< 1 year","15000"
"125",NA,"0","472","0","< 1 year","1000"
"126",NA,"0","662","13.92","< 1 year","5000"
"127",NA,"0","641","42.15","< 1 year","7000"
"128",NA,"0","510","0","< 1 year","30000"
"129",NA,"0","681","27.97","< 1 year","25000"
"130","0","1","682","17.89","10+ years","10625"
"131",NA,"0","688","48.01","< 1 year","6000"
"132",NA,"0","633","1.67","< 1 year","7000"
"133",NA,"0","552","715.12","< 1 year","1000"
"134",NA,"0","659","37.03","< 1 year","4500"
"135",NA,"0","656","20.24","< 1 year","35000"
"136",NA,"0","643","36.17","< 1 year","1000"
"137",NA,"0","652","17.51","< 1 year","20000"
"138","1","1","712","29.64","10+ years","22850"
"139",NA,"0","656","24.88","< 1 year","4200"
"140",NA,"0","574","9.52","< 1 year","35000"
"141","0","1","702","12.68","6 years","8000"
"142",NA,"0","603","18.24","< 1 year","15000"
"143","1","1","692","12.01","2 years","24000"
"144","0","1","692","31.16","4 years","8000"
"145",NA,"0","653","43.55","< 1 year","15000"
"146",NA,"0","501","22.49","< 1 year","20000"
"147",NA,"0","643","64.9","< 1 year","30000"
"148","0","1","722","4.3","3 years","5000"
"149",NA,"0","630","1.37","< 1 year","8000"
"150",NA,"0","571","32.45","< 1 year","2000"
"151","0","1","697","12.49","1 year","25000"
"152",NA,"0","656","24.91","< 1 year","12000"
"153",NA,"0","716","59.75","< 1 year","35000"
"154","0","1","702","22.23","6 years","20000"
"155",NA,"0","670","29.4","< 1 year","13000"
"156",NA,"0","601","5.38","< 1 year","3000"
"157",NA,"0","598","27.48","< 1 year","12000"
"158","1","1","667","32.46","10+ years","28000"
"159",NA,"0","623","0","< 1 year","10000"
"160",NA,"0","595","32.26","< 1 year","10000"
"161",NA,"0","658","12.75","< 1 year","10000"
"162",NA,"0","652","8.15","< 1 year","2500"
"163",NA,"0","540","5.75","< 1 year","1000"
"164",NA,"0","565","100","1 year","1000"
"165",NA,"0","519","1.1","< 1 year","3000"
"166",NA,"0","670","21.83","< 1 year","10000"
"167","0","1","752","8.38","< 1 year","7200"
"168",NA,"0","561","44.59","< 1 year","5000"
"169",NA,"0","706","33.51","< 1 year","10000"
"170","0","1","672","19.9","4 years","12800"
"171",NA,"0","610","9.98","< 1 year","15000"
"172",NA,"0","655","5.95","< 1 year","8000"
"173",NA,"0","565","13.48","< 1 year","7000"
"174",NA,"0","627","75.37","< 1 year","3000"
"175",NA,"0","601","36.6","< 1 year","1000"
"176",NA,"0","717","44.8","< 1 year","15000"
"177",NA,"0","554","16.96","< 1 year","15000"
"178",NA,"0","772","19.81","< 1 year","2000"
"179","0","1","687","15.45","10+ years","16000"
"180",NA,"0","551","27.28","< 1 year","10000"
"181",NA,"0","631","29.5","< 1 year","5000"
"182",NA,"0","765","13.2","< 1 year","4000"
"183",NA,"0","684","26.31","< 1 year","15000"
"184",NA,"0","573","0.37","< 1 year","2000"
"185",NA,"0","519","100","< 1 year","5000"
"186",NA,"0","661","3.29","< 1 year","10000"
"187",NA,"0","827","27.26","5 years","30000"
"188",NA,"0","536","10.26","< 1 year","5000"
"189",NA,"0","665","17.7","5 years","1000"
"190",NA,"0","646","27.73","< 1 year","30000"
"191",NA,"0","624","13.47","< 1 year","20000"
"192",NA,"0","719","30.84","< 1 year","40000"
"193","0","1","662","26.61","2 years","9475"
"194",NA,"0","587","7.71","< 1 year","3000"
"195",NA,"0","707","12.07","< 1 year","20000"
"196",NA,"0","632","26.42","< 1 year","15000"
"197",NA,"0","674","4.89","< 1 year","4000"
"198","1","1","677","5.86","< 1 year","13000"
"199",NA,"0","527","1.03","< 1 year","5000"
"200",NA,"0","681","21.12","< 1 year","12000"
"201",NA,"0","629","8.35","< 1 year","15000"
"202",NA,"0","449","5.35","< 1 year","4000"
"203",NA,"0","631","42.19","< 1 year","35000"
"204",NA,"0","719","7.43","3 years","35000"
"205",NA,"0","638","22.68","< 1 year","5000"
"206",NA,"0","774","4.58","3 years","40000"
"207",NA,"0","672","163.57","< 1 year","10000"
"208",NA,"0","687","47.64","< 1 year","35000"
"209",NA,"0","689","36.75","< 1 year","29000"
"210",NA,"0","645","11.16","< 1 year","18000"
"211",NA,"0","696","0","< 1 year","2500"
"212",NA,"0","571","18.12","< 1 year","8000"
"213",NA,"0","690","16.88","< 1 year","30000"
"214",NA,"0","720","19.38","< 1 year","3000"
"215",NA,"0","656","12.41","< 1 year","8000"
"216",NA,"0","652","25.28","< 1 year","10000"
"217",NA,"0","601","26.97","< 1 year","15000"
"218",NA,"0","591","0","< 1 year","7500"
"219",NA,"0","645","34.86","< 1 year","40000"
"220",NA,"0","556","0","< 1 year","22500"
"221",NA,"0","697","17.58","10+ years","25000"
"222",NA,"0","527","36.12","< 1 year","10000"
"223",NA,"0","593","385.54","< 1 year","40000"
"224",NA,"0","580","15.41","< 1 year","25000"
"225",NA,"0","706","17.63","< 1 year","25000"
"226",NA,"0","501","2.31","< 1 year","8000"
"227",NA,"0","578","20.38","< 1 year","5000"
"228",NA,"0","696","1.25","10+ years","5000"
"229","0","1","662","18.17","6 years","4800"
"230",NA,"0","680","46.4","< 1 year","8000"
"231",NA,"0","577","22.45","< 1 year","25000"
"232",NA,"0","526","14.22","< 1 year","5000"
"233",NA,"0","540","96.8","< 1 year","1500"
"234",NA,"0","700","37.13","< 1 year","17000"
"235",NA,"0","652","5.82","< 1 year","1000"
"236",NA,"0","636","30.32","< 1 year","15000"
"237",NA,"0","646","29.06","< 1 year","25000"
"238",NA,"0","645","38","< 1 year","15000"
"239",NA,"0","505","46.96","< 1 year","2000"
"240","0","1","682","22.99","5 years","4500"
"241",NA,"0","684","41","< 1 year","9000"
"242",NA,"0","714","3.47","10+ years","35000"
"243",NA,"0","689","23.65","< 1 year","15000"
"244",NA,"0","512","27.07","< 1 year","12000"
"245",NA,"0","729","305.6","< 1 year","30000"
"246",NA,"0","663","62.12","< 1 year","6000"
"247",NA,"0","601","23.01","< 1 year","6000"
"248",NA,"0","712","43.72","< 1 year","25000"
"249",NA,"0","616","12.91","3 years","10000"
"250",NA,"0","420","6.49","< 1 year","3000"
"251","0","1","737","19.57","7 years","15600"
"252",NA,"0","605","6.95","< 1 year","3000"
"253",NA,"0","733","19.32","7 years","19500"
"254",NA,"0","568","0","< 1 year","1000"
"255",NA,"0","774","55.83","< 1 year","35000"
"256",NA,"0","673","22.05","< 1 year","3000"
"257",NA,"0","616","27.19","< 1 year","10000"
"258",NA,"0","501","20.66","< 1 year","3000"
"259",NA,"0","618","20.91","< 1 year","25000"
"260",NA,"0","824","37.46","< 1 year","40000"
"261","0","1","697","16.23","10+ years","24000"
"262",NA,"0","633","15.9","< 1 year","25000"
"263",NA,"0","592","47.35","< 1 year","10000"
"264",NA,"0","671","47.36","< 1 year","6000"
"265",NA,"0","576","0","< 1 year","1000"
"266",NA,"0","584","37.73","< 1 year","30000"
"267",NA,"0","629","49.14","< 1 year","14000"
"268","0","1","667","32.81","2 years","21275"
"269",NA,"0","622","10.31","< 1 year","4000"
"270",NA,"0","591","14.39","< 1 year","25000"
"271",NA,"0","629","37.2","< 1 year","20000"
"272",NA,"0","647","28.84","< 1 year","10000"
"273",NA,"0","693","66.56","< 1 year","6000"
"274","0","1","697","14.47","10+ years","19500"
"275",NA,"0","615","9.2","< 1 year","5000"
"276",NA,"0","638","27.54","< 1 year","5000"
"277","1","1","692","59.13","7 years","26000"
"278",NA,"0","706","1.15","< 1 year","1000"
"279",NA,"0","694","32.57","< 1 year","30000"
"280",NA,"0","524","3.9","< 1 year","7500"
"281",NA,"0","607","4.73","< 1 year","10000"
"282",NA,"0","492","6.1","< 1 year","10000"
"283",NA,"0","560","0","< 1 year","1000"
"284",NA,"0","800","17.4","< 1 year","12000"
"285",NA,"0","634","0","< 1 year","15000"
"286",NA,"0","646","58.65","< 1 year","5000"
"287",NA,"0","557","0","< 1 year","3000"
"288",NA,"0","715","32.17","< 1 year","20000"
"289",NA,"0","671","73.57","< 1 year","15000"
"290",NA,"0","657","30.4","< 1 year","10050"
"291","0","1","662","2.72","4 years","4500"
"292",NA,"0","699","9.5","< 1 year","5000"
"293",NA,"0","623","31.45","< 1 year","3000"
"294",NA,"0","750","47.2","< 1 year","2000"
"295",NA,"0","615","9.13","< 1 year","2000"
"296",NA,"0","713","17.76","< 1 year","15000"
"297",NA,"0","603","23.8","< 1 year","1500"
"298",NA,"0","729","47.78","< 1 year","34000"
"299",NA,"0","686","30.12","< 1 year","10000"
"300",NA,"0","590","39.53","< 1 year","9000"
"301",NA,"0","562","4.27","< 1 year","10000"
"302",NA,"0","602","0.59","< 1 year","10000"
"303",NA,"0","557","0","< 1 year","2000"
"304",NA,"0","681","31.51","< 1 year","10000"
"305",NA,"0","623","26.59","< 1 year","25000"
"306",NA,"0","611","0","< 1 year","5000"
"307",NA,"0","651","2.02","< 1 year","2000"
"308",NA,"0","705","10.2","< 1 year","35000"
"309",NA,"0","624","11.59","< 1 year","6500"
"310",NA,"0","670","245.68","< 1 year","12000"
"311",NA,"0","605","42.12","< 1 year","20000"
"312",NA,"0","599","59.62","< 1 year","3000"
"313",NA,"0","697","10.72","10+ years","7000"
"314","0","1","792","30.42","5 years","10000"
"315",NA,"0","672","93.33","< 1 year","18000"
"316",NA,"0","638","22.61","< 1 year","3000"
"317",NA,"0","626","26.49","< 1 year","3000"
"318",NA,"0","688","0.6","< 1 year","20000"
"319",NA,"0","584","43.06","< 1 year","20000"
"320",NA,"0","647","4.87","< 1 year","8000"
"321",NA,"0","652","11.32","< 1 year","5000"
"322",NA,"0","689","20.92","< 1 year","15000"
"323",NA,"0","610","17.63","< 1 year","12000"
"324",NA,"0","668","38.95","< 1 year","30000"
"325","0","1","692","20.59","5 years","35000"
"326",NA,"0","607","72.89","< 1 year","35000"
"327",NA,"0","675","48.95","< 1 year","7500"
"328",NA,"0","701","0","5 years","22000"
"329",NA,"0","620","15.56","< 1 year","35000"
"330",NA,"0","474","21.86","< 1 year","4000"
"331","0","1","672","5.63","< 1 year","9600"
"332",NA,"0","635","11.98","< 1 year","20000"
"333",NA,"0","664","28.61","< 1 year","6000"
"334",NA,"0","609","2.54","< 1 year","1200"
"335",NA,"0","667","22.31","< 1 year","7150"
"336",NA,"0","526","1.03","< 1 year","4000"
"337",NA,"0","451","3.72","< 1 year","5000"
"338",NA,"0","633","16.47","< 1 year","10000"
"339",NA,"0","608","11.03","< 1 year","25000"
"340",NA,"0","614","17.46","< 1 year","15000"
"341","0","1","697","14.47","10+ years","15000"
"342",NA,"0","670","9.76","< 1 year","5000"
"343","1","1","702","11.98","2 years","8000"
"344",NA,"0","613","18.98","< 1 year","10000"
"345",NA,"0","654","6.02","< 1 year","10000"
"346","0","1","727","12.2","1 year","12000"
"347",NA,"0","500","20.5","< 1 year","12000"
"348",NA,"0","626","28.74","< 1 year","15000"
"349",NA,"0","546","7.84","< 1 year","4000"
"350","0","1","687","22.46","1 year","30000"
"351",NA,"0","617","24.45","< 1 year","19000"
"352",NA,"0","647","20.3","< 1 year","13000"
"353",NA,"0","520","48.63","< 1 year","5000"
"354","1","1","682","20.74","4 years","3000"
"355",NA,"0","659","12.05","< 1 year","7200"
"356",NA,"0","623","9.07","< 1 year","20000"
"357",NA,"0","748","46.4","< 1 year","10000"
"358",NA,"0","643","28.52","< 1 year","10000"
"359",NA,"0","527","35.43","< 1 year","15000"
"360",NA,"0","589","10.75","< 1 year","7500"
"361",NA,"0","645","20.8","< 1 year","6000"
"362",NA,"0","643","39.28","< 1 year","30000"
"363",NA,"0","618","34.07","< 1 year","24000"
"364",NA,"0","589","207.2","< 1 year","5000"
"365",NA,"0","642","17.18","< 1 year","2000"
"366",NA,"0","685","16.64","< 1 year","30000"
"367",NA,"0","598","0.55","< 1 year","30000"
"368",NA,"0","564","40.08","< 1 year","10000"
"369",NA,"0","700","36.03","10+ years","7500"
"370",NA,"0","545","3.25","< 1 year","1400"
"371",NA,"0","501","42.82","< 1 year","3000"
"372",NA,"0","685","39.55","< 1 year","15000"
"373",NA,"0","671","5.27","< 1 year","7000"
"374",NA,"0","528","30.72","< 1 year","10000"
"375",NA,"0","613","10.13","< 1 year","2000"
"376",NA,"0","697","15.55","10+ years","8000"
"377",NA,"0","657","43.68","< 1 year","15000"
"378",NA,"0","580","6.83","< 1 year","10000"
"379",NA,"0","567","12.77","< 1 year","1000"
"380",NA,"0","648","7.83","< 1 year","20000"
"381",NA,"0","622","27.79","< 1 year","10000"
"382","1","1","707","32.68","3 years","5500"
"383",NA,"0","544","0","< 1 year","1000"
"384","0","1","697","34.14","10+ years","15000"
"385",NA,"0","543","0.28","< 1 year","1000"
"386",NA,"0","545","43.89","< 1 year","20000"
"387",NA,"0","707","36.26","< 1 year","22000"
"388",NA,"0","696","27.08","< 1 year","10000"
"389","0","1","787","10","3 years","18000"
"390",NA,"0","647","34.47","< 1 year","30000"
"391",NA,"0","505","10.2","< 1 year","5000"
"392",NA,"0","633","6.26","< 1 year","10000"
"393",NA,"0","614","-1","10+ years","1500"
"394",NA,"0","625","25.97","< 1 year","30000"
"395",NA,"0","594","164.77","< 1 year","35000"
"396",NA,"0","618","46.95","< 1 year","3000"
"397",NA,"0","669","15.05","< 1 year","6000"
"398",NA,"0","690","34.4","< 1 year","6000"
"399",NA,"0","594","23.61","< 1 year","10000"
"400",NA,"0","708","32.41","< 1 year","30000"
"401",NA,"0","494","74.56","< 1 year","3000"
"402",NA,"0","732","19.5","< 1 year","15000"
"403","0","1","792","0.45","3 years","18000"
"404",NA,"0","726","7.48","< 1 year","5000"
"405",NA,"0","542","14.46","< 1 year","5000"
"406","0","1","692","20.66","5 years","24800"
"407",NA,"0","680","25.1","< 1 year","12000"
"408",NA,"0","655","3.94","5 years","4000"
"409",NA,"0","708","37.44","< 1 year","23000"
"410",NA,"0","675","36.66","< 1 year","2500"
"411",NA,"0","562","9.96","< 1 year","5000"
"412",NA,"0","643","6.48","< 1 year","10000"
"413",NA,"0","660","55.8","5 years","26000"
"414",NA,"0","702","13.03","< 1 year","12000"
"415",NA,"0","563","15.94","< 1 year","1000"
"416",NA,"0","650","6.19","10+ years","20000"
"417",NA,"0","620","51.52","< 1 year","6500"
"418","0","1","767","14.57","10+ years","12000"
"419",NA,"0","569","27.18","< 1 year","15000"
"420",NA,"0","812","12.21","< 1 year","20000"
"421",NA,"0","616","21.6","< 1 year","2000"
"422",NA,"0","700","11.29","< 1 year","3200"
"423",NA,"0","705","18.07","< 1 year","25000"
"424",NA,"0","594","27.36","< 1 year","25000"
"425",NA,"0","649","20.39","< 1 year","5000"
"426",NA,"0","678","29.15","< 1 year","18000"
"427",NA,"0","508","5.22","< 1 year","2500"
"428",NA,"0","556","5.47","< 1 year","8000"
"429",NA,"0","541","0.8","< 1 year","5000"
"430",NA,"0","608","19.13","< 1 year","10000"
"431",NA,"0","599","5.6","< 1 year","1000"
"432",NA,"0","552","21.88","< 1 year","1000"
"433",NA,"0","501","0.66","< 1 year","5000"
"434",NA,"0","501","27.72","< 1 year","5000"
"435","0","1","682","16.88","10+ years","20000"
"436",NA,"0","670","49.31","< 1 year","10000"
"437",NA,"0","545","0","< 1 year","1000"
"438",NA,"0","551","3.68","< 1 year","2500"
"439",NA,"0","608","12.36","< 1 year","1000"
"440",NA,"0","646","30","10+ years","5000"
"441",NA,"0","664","24.19","< 1 year","25000"
"442",NA,"0","696","56.34","< 1 year","2000"
"443",NA,"0","658","24.49","1 year","13200"
"444",NA,"0","643","15.12","< 1 year","10000"
"445",NA,"0","635","10.03","< 1 year","5000"
"446",NA,"0","686","8.35","< 1 year","15000"
"447","0","1","707","14.77","5 years","7000"
"448",NA,"0","556","5.26","< 1 year","3000"
"449",NA,"0","621","46.51","< 1 year","5000"
"450",NA,"0","688","2.46","< 1 year","10000"
"451",NA,"0","610","39.71","< 1 year","16000"
"452",NA,"0","686","35.86","< 1 year","15000"
"453",NA,"0","772","1.19","< 1 year","15000"
"454",NA,"0","650","57.16","< 1 year","10000"
"455",NA,"0","501","4.8","< 1 year","2000"
"456",NA,"0","635","43.95","< 1 year","35000"
"457",NA,"0","563","13.5","< 1 year","30000"
"458",NA,"0","661","20.94","< 1 year","4000"
"459",NA,"0","660","31.48","< 1 year","5000"
"460",NA,"0","669","28.92","< 1 year","6000"
"461",NA,"0","589","38.9","< 1 year","20000"
"462",NA,"0","668","25.2","< 1 year","23000"
"463","1","1","667","15.66","10+ years","14000"
"464",NA,"0","595","6.2","< 1 year","3000"
"465",NA,"0","637","0.74","< 1 year","1500"
"466",NA,"0","513","1.01","< 1 year","7500"
"467",NA,"0","542","14.72","< 1 year","4000"
"468",NA,"0","621","5.11","< 1 year","1000"
"469",NA,"0","618","19.2","< 1 year","2000"
"470",NA,"0","694","38.47","< 1 year","15000"
"471","0","1","702","19.78","4 years","12000"
"472",NA,"0","654","21.77","< 1 year","15000"
"473",NA,"0","603","7.44","< 1 year","3400"
"474",NA,"0","636","27.99","< 1 year","25000"
"475",NA,"0","679","20.8","< 1 year","2000"
"476",NA,"0","506","2.4","< 1 year","1000"
"477",NA,"0","620","48.43","< 1 year","35000"
"478",NA,"0","563","18.17","< 1 year","25000"
"479",NA,"0","681","19.51","< 1 year","12500"
"480",NA,"0","508","23.71","< 1 year","5000"
"481",NA,"0","594","5.2","< 1 year","3000"
"482",NA,"0","595","14.81","< 1 year","9000"
"483",NA,"0","680","41.26","< 1 year","12950"
"484",NA,"0","540","11.88","< 1 year","5000"
"485",NA,"0","671","19.95","< 1 year","1000"
"486",NA,"0","682","40.6","< 1 year","25000"
"487",NA,"0","594","32.33","< 1 year","7500"
"488",NA,"0","533","32.02","< 1 year","8000"
"489",NA,"0","672","42.67","< 1 year","20000"
"490","1","1","682","23.96","5 years","12000"
"491","1","1","677","26.35","10+ years","23500"
"492",NA,"0","573","19.97","< 1 year","6000"
"493",NA,"0","696","65.5","< 1 year","7500"
"494",NA,"0","664","21.7","< 1 year","10000"
"495",NA,"0","632","11.02","< 1 year","4000"
"496",NA,"0","673","28.62","< 1 year","20000"
"497",NA,"0","604","0","< 1 year","1000"
"498",NA,"0","536","0.19","< 1 year","30000"
"499",NA,"0","678","22.86","< 1 year","3000"
"500",NA,"0","639","33.88","< 1 year","10000"
"501",NA,"0","766","27.06","< 1 year","20000"
"502",NA,"0","748","3.15","10+ years","10000"
"503",NA,"0","637","20.27","< 1 year","12000"
"504",NA,"0","637","43.26","< 1 year","20000"
"505",NA,"0","629","14.83","< 1 year","40000"
"506",NA,"0","674","21.16","9 years","18000"
"507",NA,"0","572","0","< 1 year","16500"
"508",NA,"0","526","0","< 1 year","2000"
"509",NA,"0","677","43.7","< 1 year","8000"
"510",NA,"0","575","14.74","< 1 year","5000"
"511",NA,"0","683","11.22","< 1 year","15000"
"512",NA,"0","638","22.08","< 1 year","4000"
"513",NA,"0","581","5.45","< 1 year","5000"
"514",NA,"0","638","0","< 1 year","3000"
"515",NA,"0","651","14.59","< 1 year","20000"
"516",NA,"0","645","32.77","< 1 year","40000"
"517",NA,"0","705","34.35","< 1 year","25000"
"518",NA,"0","614","24.41","< 1 year","11000"
"519",NA,"0","460","7.14","< 1 year","15000"
"520",NA,"0","619","24.07","< 1 year","25000"
"521",NA,"0","717","30.77","< 1 year","15000"
"522",NA,"0","639","19.11","< 1 year","4775"
"523",NA,"0","630","12.33","< 1 year","11600"
"524",NA,"0","598","41.36","< 1 year","3000"
"525",NA,"0","648","34.02","< 1 year","30000"
"526",NA,"0","676","53.93","< 1 year","9000"
"527",NA,"0","725","31.16","< 1 year","10000"
"528",NA,"0","650","60.36","< 1 year","20000"
"529",NA,"0","645","29.07","< 1 year","6000"
"530",NA,"0","577","38.91","< 1 year","1000"
"531",NA,"0","656","23.4","< 1 year","10000"
"532",NA,"0","598","6.41","< 1 year","1000"
"533",NA,"0","578","16.55","< 1 year","1000"
"534",NA,"0","593","31.59","< 1 year","40000"
"535",NA,"0","649","25.69","< 1 year","10000"
"536",NA,"0","555","13.51","< 1 year","2000"
"537",NA,"0","674","14.99","< 1 year","3500"
"538",NA,"0","664","11.81","10+ years","25000"
"539",NA,"0","730","0","< 1 year","35000"
"540",NA,"0","598","12.2","< 1 year","5000"
"541",NA,"0","676","6.52","< 1 year","20000"
"542",NA,"0","661","16.82","< 1 year","20000"
"543",NA,"0","557","0","< 1 year","1000"
"544",NA,"0","693","34.3","< 1 year","14000"
"545","0","1","667","16.5","8 years","35000"
"546",NA,"0","707","0.14","10+ years","5000"
"547",NA,"0","611","40.73","< 1 year","1000"
"548",NA,"0","700","50.36","< 1 year","20100"
"549",NA,"0","508","22.3","< 1 year","5000"
"550",NA,"0","717","33.21","< 1 year","25000"
"551",NA,"0","588","2.61","< 1 year","5000"
"552",NA,"0","755","60.96","< 1 year","6500"
"553",NA,"0","687","26.54","5 years","20000"
"554",NA,"0","660","27.93","6 years","6000"
"555",NA,"0","591","-1","< 1 year","6000"
"556",NA,"0","661","47.78","< 1 year","12000"
"557",NA,"0","610","10.63","< 1 year","1500"
"558",NA,"0","598","33.26","< 1 year","6000"
"559",NA,"0","664","14.48","< 1 year","16000"
"560",NA,"0","602","39","< 1 year","35000"
"561",NA,"0","647","33.06","< 1 year","15000"
"562",NA,"0","600","10.22","3 years","5000"
"563",NA,"0","618","2160","3 years","1000"
"564",NA,"0","663","122.82","< 1 year","10000"
"565",NA,"0","656","22.9","< 1 year","15000"
"566",NA,"0","568","4.8","< 1 year","4000"
"567","0","1","732","18.88","2 years","26000"
"568",NA,"0","726","30.8","< 1 year","35000"
"569",NA,"0","573","25.82","< 1 year","5000"
"570",NA,"0","607","13.08","< 1 year","8000"
"571",NA,"0","705","22950.8","< 1 year","35000"
"572",NA,"0","696","25.8","< 1 year","30000"
"573",NA,"0","604","0","< 1 year","20000"
"574",NA,"0","764","1.57","< 1 year","4000"
"575",NA,"0","711","19.98","< 1 year","35000"
"576",NA,"0","569","11.94","< 1 year","5000"
"577",NA,"0","711","0.35","< 1 year","30000"
"578",NA,"0","629","33.96","5 years","35000"
"579",NA,"0","575","6.19","< 1 year","1500"
"580",NA,"0","620","9.59","< 1 year","20000"
"581",NA,"0","710","53.71","< 1 year","15000"
"582",NA,"0","601","8.68","< 1 year","5000"
"583",NA,"0","522","0.64","1 year","10000"
"584",NA,"0","536","0","< 1 year","2000"
"585",NA,"0","501","3.8","< 1 year","3000"
"586",NA,"0","630","18.74","< 1 year","10000"
"587",NA,"0","616","20.71","< 1 year","40000"
"588",NA,"0","661","20.47","< 1 year","1500"
"589",NA,"0","647","28.82","< 1 year","30000"
"590",NA,"0","622","7.53","< 1 year","35000"
"591",NA,"0","502","10.53","< 1 year","3000"
"592",NA,"0","510","15.22","< 1 year","8000"
"593",NA,"0","659","37.78","< 1 year","15000"
"594","0","1","732","20.87","4 years","20000"
"595",NA,"0","618","23.95","< 1 year","10000"
"596","0","1","732","13.96","1 year","15000"
"597",NA,"0","637","59.15","< 1 year","2000"
"598",NA,"0","602","5.66","< 1 year","2500"
"599",NA,"0","730","0","< 1 year","15000"
"600",NA,"0","684","46.06","< 1 year","5000"
"601",NA,"0","501","0","< 1 year","2000"
"602",NA,"0","535","22.44","< 1 year","10000"
"603",NA,"0","612","45.4","< 1 year","15000"
"604","1","1","682","26.27","1 year","16000"
"605",NA,"0","487","0","3 years","3500"
"606",NA,"0","596","14.59","< 1 year","22000"
"607",NA,"0","684","28.6","7 years","28000"
"608",NA,"0","642","0","< 1 year","6000"
"609",NA,"0","638","99.67","< 1 year","6000"
"610",NA,"0","539","1.88","< 1 year","2500"
"611",NA,"0","584","11.44","< 1 year","2000"
"612",NA,"0","672","106.6","< 1 year","10000"
"613",NA,"0","615","16.78","< 1 year","5000"
"614","1","1","692","29.85","3 years","10000"
"615","0","1","707","7.3","2 years","17000"
"616",NA,"0","731","59.57","< 1 year","5000"
"617",NA,"0","590","24.07","< 1 year","20000"
"618","1","1","707","9.2","< 1 year","27000"
"619",NA,"0","688","22.16","< 1 year","40000"
"620",NA,"0","585","141.71","< 1 year","35000"
"621",NA,"0","704","43.29","< 1 year","4500"
"622",NA,"0","654","20.7","< 1 year","30500"
"623","0","1","717","11.3","2 years","13000"
"624",NA,"0","670","30.19","< 1 year","40000"
"625",NA,"0","603","6.88","< 1 year","10000"
"626",NA,"0","651","7.9","< 1 year","11000"
"627",NA,"0","691","18.13","5 years","25000"
"628",NA,"0","548","1.05","< 1 year","7000"
"629",NA,"0","696","33.74","7 years","30000"
"630",NA,"0","632","12.75","< 1 year","10000"
"631",NA,"0","649","39.64","< 1 year","25000"
"632",NA,"0","592","18.76","< 1 year","1700"
"633","0","1","707","31.15","1 year","11150"
"634",NA,"0","647","6.07","< 1 year","20000"
"635",NA,"0","638","6.98","< 1 year","15000"
"636","0","1","697","3.28","10+ years","36000"
"637",NA,"0","649","20.21","< 1 year","5000"
"638",NA,"0","585","80.31","< 1 year","8000"
"639","0","1","712","33.99","10+ years","13400"
"640",NA,"0","618","28.6","< 1 year","15000"
"641",NA,"0","641","2.58","< 1 year","5000"
"642",NA,"0","523","21.86","< 1 year","2000"
"643",NA,"0","673","50.34","< 1 year","10000"
"644",NA,"0","646","26.3","< 1 year","10000"
"645",NA,"0","687","11.9","4 years","40000"
"646","0","1","672","30.83","1 year","17050"
"647",NA,"0","636","25.84","< 1 year","10000"
"648",NA,"0","738","4.26","< 1 year","5000"
"649",NA,"0","616","25.67","< 1 year","10000"
"650",NA,"0","789","18.3","< 1 year","1000"
"651","0","1","667","16.39","< 1 year","20000"
"652",NA,"0","636","24.45","< 1 year","1000"
"653",NA,"0","664","17.28","5 years","7000"
"654",NA,"0","662","32.01","< 1 year","15000"
"655",NA,"0","577","100","6 years","17875"
"656",NA,"0","602","21.24","3 years","2900"
"657",NA,"0","615","51.03","< 1 year","30000"
"658",NA,"0","667","21.25","< 1 year","10000"
"659",NA,"0","654","15.1","< 1 year","5000"
"660",NA,"0","649","30.89","10+ years","20000"
"661",NA,"0","673","1.6","< 1 year","12000"
"662",NA,"0","643","0","< 1 year","10900"
"663",NA,"0","497","0","< 1 year","1000"
"664",NA,"0","610","100","< 1 year","16500"
"665",NA,"0","625","41.03","< 1 year","4000"
"666",NA,"0","589","19.38","< 1 year","5000"
"667",NA,"0","629","15.95","< 1 year","30000"
"668",NA,"0","651","36.49","< 1 year","15000"
"669",NA,"0","829","-1","< 1 year","5000"
"670","0","1","807","15.29","5 years","15000"
"671",NA,"0","665","16.25","< 1 year","20000"
"672","0","1","742","23.87","10+ years","28000"
"673",NA,"0","670","16.16","< 1 year","8000"
"674",NA,"0","501","1.17","< 1 year","30000"
"675",NA,"0","677","12.42","< 1 year","12000"
"676",NA,"0","577","44.18","< 1 year","23000"
"677",NA,"0","771","4.48","< 1 year","9500"
"678",NA,"0","717","24.96","< 1 year","20000"
"679","0","1","667","24.03","4 years","20000"
"680",NA,"0","557","0.56","< 1 year","5000"
"681",NA,"0","689","65.63","< 1 year","12000"
"682",NA,"0","671","100","< 1 year","25225"
"683",NA,"0","677","2.9","5 years","15000"
"684","1","1","722","17.11","1 year","9200"
"685","0","1","717","22.19","10+ years","20000"
"686",NA,"0","616","25.09","< 1 year","20000"
"687",NA,"0","577","27.53","< 1 year","1000"
"688",NA,"0","635","26.94","< 1 year","8500"
"689",NA,"0","790","8.3","3 years","11000"
"690",NA,"0","713","16.23","10+ years","19000"
"691",NA,"0","661","100","< 1 year","12475"
"692",NA,"0","501","2.16","< 1 year","1000"
"693",NA,"0","677","9.83","< 1 year","15000"
"694",NA,"0","728","26.91","< 1 year","35000"
"695",NA,"0","696","52.16","< 1 year","40000"
"696",NA,"0","654","28.83","< 1 year","8000"
"697",NA,"0","616","8.64","< 1 year","1000"
"698",NA,"0","614","45.58","< 1 year","10000"
"699",NA,"0","611","0","5 years","1500"
"700",NA,"0","781","100","< 1 year","6575"
"701",NA,"0","794","100","< 1 year","15375"
"702",NA,"0","623","2.69","< 1 year","5000"
"703",NA,"0","671","31.83","< 1 year","40000"
"704","0","1","687","22.64","3 years","9600"
"705",NA,"0","678","38.06","< 1 year","20000"
"706",NA,"0","699","8.95","1 year","15000"
"707",NA,"0","646","40.99","< 1 year","5000"
"708",NA,"0","671","20.13","< 1 year","1000"
"709",NA,"0","586","20.76","< 1 year","4000"
"710",NA,"0","633","16.67","< 1 year","1950"
"711",NA,"0","638","6.32","5 years","1000"
"712",NA,"0","496","89.5","< 1 year","3000"
"713",NA,"0","501","24.59","< 1 year","10000"
"714","0","1","662","14.08","8 years","10000"
"715",NA,"0","704","25.37","< 1 year","37850"
"716",NA,"0","599","10.93","< 1 year","2500"
"717",NA,"0","597","43.22","< 1 year","10000"
"718",NA,"0","524","0.18","< 1 year","20000"
"719",NA,"0","684","25.05","< 1 year","10000"
"720",NA,"0","614","6.65","< 1 year","3000"
"721",NA,"0","473","32.68","< 1 year","3500"
"722",NA,"0","632","10.35","< 1 year","5000"
"723",NA,"0","551","3.8","< 1 year","2500"
"724",NA,"0","713","40.86","< 1 year","40000"
"725","0","1","672","22.69","8 years","7500"
"726",NA,"0","693","37.67","< 1 year","13000"
"727",NA,"0","629","13.25","< 1 year","5000"
"728",NA,"0","600","9.39","< 1 year","5000"
"729",NA,"0","591","7.34","< 1 year","7500"
"730",NA,"0","689","43.8","< 1 year","6000"
"731",NA,"0","684","100","< 1 year","18925"
"732",NA,"0","696","2.48","< 1 year","5000"
"733",NA,"0","625","50.03","< 1 year","2500"
"734",NA,"0","654","32","< 1 year","4000"
"735",NA,"0","618","5.2","< 1 year","3000"
"736","0","1","702","25.1","2 years","24000"
"737",NA,"0","701","51.82","< 1 year","5000"
"738",NA,"0","562","26.6","< 1 year","5000"
"739",NA,"0","587","14.07","< 1 year","10000"
"740","0","1","672","30.49","3 years","35000"
"741",NA,"0","643","39.8","< 1 year","30000"
"742",NA,"0","684","36.06","< 1 year","20000"
"743","1","1","702","24.13","9 years","10000"
"744",NA,"0","643","17.71","< 1 year","40000"
"745",NA,"0","669","24.89","< 1 year","32000"
"746",NA,"0","686","3.89","< 1 year","9000"
"747",NA,"0","637","9.8","< 1 year","15000"
"748",NA,"0","663","37.7","4 years","30000"
"749",NA,"0","580","1.2","< 1 year","5000"
"750",NA,"0","527","4.42","< 1 year","2000"
"751",NA,"0","701","20.99","< 1 year","10000"
"752",NA,"0","633","28.2","< 1 year","2000"
"753","0","1","702","24.91","2 years","6000"
"754",NA,"0","612","31.12","< 1 year","20000"
"755",NA,"0","681","223.3","< 1 year","10000"
"756",NA,"0","699","20.8","< 1 year","35000"
"757",NA,"0","674","8.08","< 1 year","1000"
"758",NA,"0","572","29.53","< 1 year","3000"
"759",NA,"0","666","47.7","< 1 year","25000"
"760",NA,"0","696","24.43","< 1 year","10000"
"761",NA,"0","495","0.16","< 1 year","10000"
"762",NA,"0","640","38.57","< 1 year","20000"
"763",NA,"0","525","51.97","< 1 year","3500"
"764",NA,"0","654","24.92","< 1 year","20000"
"765",NA,"0","676","27.32","< 1 year","5700"
"766",NA,"0","653","201.54","< 1 year","3500"
"767",NA,"0","693","61.09","< 1 year","35000"
"768",NA,"0","545","25.67","< 1 year","1500"
"769",NA,"0","703","43.96","< 1 year","3000"
"770",NA,"0","589","41.85","< 1 year","5000"
"771",NA,"0","604","74.03","< 1 year","5000"
"772",NA,"0","643","31.75","< 1 year","15000"
"773",NA,"0","611","7.51","< 1 year","4000"
"774",NA,"0","571","33.45","< 1 year","12000"
"775","0","1","722","28.27","10+ years","25000"
"776",NA,"0","629","41.68","< 1 year","3000"
"777",NA,"0","657","23.12","< 1 year","25000"
"778",NA,"0","709","35.28","< 1 year","2500"
"779","0","1","742","13.58","7 years","17000"
"780",NA,"0","613","19.96","< 1 year","15000"
"781",NA,"0","666","22.23","< 1 year","6400"
"782","0","1","732","13.12","10+ years","25000"
"783",NA,"0","594","32.53","< 1 year","30000"
"784",NA,"0","663","15.6","< 1 year","8000"
"785","0","1","692","26.35","4 years","20000"
"786",NA,"0","625","100","< 1 year","1000"
"787",NA,"0","687","73.31","< 1 year","20000"
"788",NA,"0","820","15.4","10+ years","30000"
"789","1","1","792","33.79","2 years","21400"
"790","0","1","727","10.5","10+ years","5400"
"791",NA,"0","617","2.86","< 1 year","5000"
"792",NA,"0","632","77.5","< 1 year","2000"
"793",NA,"0","598","2.53","< 1 year","6500"
"794",NA,"0","588","4.2","< 1 year","1200"
"795",NA,"0","684","58.8","< 1 year","2500"
"796",NA,"0","628","4","< 1 year","4000"
"797","0","1","672","14.23","10+ years","12000"
"798",NA,"0","631","36.97","< 1 year","10000"
"799",NA,"0","530","22.3","< 1 year","6000"
"800",NA,"0","635","36.95","< 1 year","6000"
"801",NA,"0","546","6.09","< 1 year","5000"
"802",NA,"0","640","19.64","5 years","5500"
"803",NA,"0","587","6.2","< 1 year","1000"
"804",NA,"0","579","1.33","< 1 year","5000"
"805",NA,"0","657","44.96","< 1 year","5000"
"806","0","1","677","13.27","5 years","24000"
"807","0","1","682","23.49","10+ years","24000"
"808",NA,"0","647","9.7","< 1 year","3000"
"809",NA,"0","578","8.04","< 1 year","1000"
"810",NA,"0","648","68.54","< 1 year","2000"
"811",NA,"0","661","32.73","< 1 year","20000"
"812",NA,"0","652","8.04","5 years","10000"
"813",NA,"0","575","64.45","< 1 year","1200"
"814",NA,"0","550","7.16","< 1 year","1500"
"815",NA,"0","649","23.28","< 1 year","20000"
"816","0","1","707","27.6","3 years","5000"
"817",NA,"0","683","36.1","< 1 year","1000"
"818",NA,"0","501","7.49","< 1 year","6000"
"819",NA,"0","650","12.46","< 1 year","35000"
"820",NA,"0","658","13.68","< 1 year","5000"
"821",NA,"0","599","18.88","< 1 year","1500"
"822",NA,"0","648","38.99","< 1 year","4500"
"823",NA,"0","687","291.6","< 1 year","35000"
"824","0","1","662","15.36","< 1 year","10000"
"825",NA,"0","687","5.92","< 1 year","1000"
"826",NA,"0","557","19.45","< 1 year","6000"
"827",NA,"0","682","21.05","< 1 year","1200"
"828",NA,"0","595","0","< 1 year","5000"
"829",NA,"0","694","16.7","6 years","9000"
"830",NA,"0","531","25.59","< 1 year","5000"
"831",NA,"0","632","10.48","< 1 year","7000"
"832",NA,"0","621","40.09","< 1 year","20000"
"833",NA,"0","649","103.73","< 1 year","30000"
"834",NA,"0","501","53.17","< 1 year","1000"
"835",NA,"0","610","61.29","< 1 year","5000"
"836",NA,"0","681","29.62","< 1 year","25000"
"837",NA,"0","610","8.97","< 1 year","17000"
"838",NA,"0","464","14.51","< 1 year","1000"
"839","0","1","662","12.27","2 years","7025"
"840",NA,"0","646","11.31","< 1 year","3000"
"841",NA,"0","571","37.93","< 1 year","5000"
"842",NA,"0","679","25.97","< 1 year","30000"
"843",NA,"0","705","35.21","< 1 year","15000"
"844",NA,"0","573","16.49","< 1 year","2400"
"845",NA,"0","544","9.09","< 1 year","3500"
"846",NA,"0","652","14.9","< 1 year","10000"
"847",NA,"0","551","11.2","< 1 year","15000"
"848",NA,"0","509","11.13","< 1 year","2000"
"849",NA,"0","636","5.98","< 1 year","10000"
"850",NA,"0","568","83.76","< 1 year","4000"
"851",NA,"0","630","36.95","< 1 year","4000"
"852",NA,"0","695","35.6","< 1 year","20000"
"853",NA,"0","656","13.5","< 1 year","30000"
"854",NA,"0","620","27.35","< 1 year","5500"
"855",NA,"0","587","16.8","< 1 year","1000"
"856","0","1","682","20.43","10+ years","31500"
"857",NA,"0","544","1.44","< 1 year","1000"
"858",NA,"0","588","70.48","< 1 year","3000"
"859",NA,"0","666","43.04","< 1 year","10000"
"860",NA,"0","596","6.73","< 1 year","2000"
"861","0","1","742","20.88","2 years","21200"
"862",NA,"0","663","39.11","< 1 year","11000"
"863",NA,"0","613","30.42","< 1 year","10000"
"864",NA,"0","656","15.5","< 1 year","1000"
"865",NA,"0","598","12.5","< 1 year","2000"
"866",NA,"0","586","26.62","< 1 year","8000"
"867",NA,"0","652","9.85","< 1 year","5400"
"868",NA,"0","604","0.01","< 1 year","2500"
"869",NA,"0","501","0.26","< 1 year","20000"
"870","0","1","787","25.63","10+ years","17000"
"871",NA,"0","555","20.02","< 1 year","5000"
"872","0","1","717","26.06","10+ years","15450"
"873","0","1","692","38.77","5 years","7475"
"874",NA,"0","656","29.79","< 1 year","10000"
"875",NA,"0","590","57.48","< 1 year","17000"
"876","0","1","662","18.92","1 year","10000"
"877",NA,"0","625","33.08","< 1 year","4000"
"878",NA,"0","585","13.78","< 1 year","2000"
"879","0","1","667","15.72","3 years","10000"
"880",NA,"0","665","8.56","< 1 year","7000"
"881",NA,"0","660","44.22","< 1 year","10000"
"882",NA,"0","717","114","< 1 year","3000"
"883","0","1","662","18.61","2 years","10000"
"884",NA,"0","561","7.27","< 1 year","3500"
"885",NA,"0","564","19.82","< 1 year","5000"
"886",NA,"0","729","34.24","< 1 year","5000"
"887",NA,"0","662","38.16","< 1 year","40000"
"888",NA,"0","512","0","< 1 year","2000"
"889",NA,"0","569","45.14","< 1 year","3500"
"890",NA,"0","647","42.61","< 1 year","15000"
"891",NA,"0","640","0","< 1 year","3500"
"892",NA,"0","609","17.58","< 1 year","6500"
"893",NA,"0","662","12.66","< 1 year","7000"
"894",NA,"0","623","1.52","2 years","2000"
"895",NA,"0","703","45.29","< 1 year","10000"
"896",NA,"0","666","36.51","< 1 year","15000"
"897",NA,"0","577","17","< 1 year","2000"
"898",NA,"0","559","4.11","< 1 year","6000"
"899",NA,"0","588","17.74","< 1 year","4500"
"900",NA,"0","635","19.45","< 1 year","15000"
"901",NA,"0","653","0.73","< 1 year","1000"
"902","0","1","707","13.92","10+ years","12000"
"903",NA,"0","738","100","< 1 year","7700"
"904",NA,"0","661","13.67","< 1 year","2000"
"905",NA,"0","639","6.11","< 1 year","20000"
"906",NA,"0","679","43.84","< 1 year","20000"
"907",NA,"0","661","73.56","< 1 year","4000"
"908","0","1","782","6.66","3 years","9600"
"909","1","1","667","16.38","2 years","17500"
"910",NA,"0","638","30.93","< 1 year","26000"
"911",NA,"0","669","39.36","< 1 year","3000"
"912","0","1","777","24.05","2 years","20000"
"913","0","1","677","14.93","4 years","18000"
"914",NA,"0","708","0.75","< 1 year","5000"
"915",NA,"0","591","10.76","< 1 year","1100"
"916",NA,"0","678","15.73","5 years","10000"
"917",NA,"0","636","112.76","< 1 year","20000"
"918",NA,"0","635","41.31","< 1 year","10000"
"919",NA,"0","543","11.13","< 1 year","5000"
"920",NA,"0","705","35.72","< 1 year","20000"
"921",NA,"0","582","70.8","< 1 year","1000"
"922",NA,"0","656","18","< 1 year","7000"
"923",NA,"0","701","42.93","< 1 year","8000"
"924",NA,"0","670","56.38","5 years","4000"
"925",NA,"0","653","27.78","< 1 year","10000"
"926",NA,"0","665","9.08","< 1 year","20000"
"927",NA,"0","648","6.78","< 1 year","30000"
"928",NA,"0","501","4.39","< 1 year","5000"
"929",NA,"0","714","4.45","< 1 year","10000"
"930",NA,"0","573","7.33","< 1 year","5000"
"931",NA,"0","607","18.02","< 1 year","15000"
"932",NA,"0","665","38.08","< 1 year","5000"
"933",NA,"0","636","29.52","< 1 year","3500"
"934",NA,"0","620","113.69","< 1 year","20000"
"935",NA,"0","690","48.92","< 1 year","8575"
"936",NA,"0","710","34.1","< 1 year","11000"
"937",NA,"0","633","100","< 1 year","33575"
"938",NA,"0","696","17.07","< 1 year","10000"
"939",NA,"0","637","24.46","< 1 year","15700"
"940",NA,"0","646","50.61","< 1 year","10000"
"941","0","1","692","18.18","10+ years","20000"
"942",NA,"0","669","10.12","< 1 year","7000"
"943",NA,"0","712","99.07","< 1 year","2000"
"944","0","1","662","21.04","3 years","10000"
"945",NA,"0","666","47.6","< 1 year","15000"
"946",NA,"0","737","42.8","< 1 year","40000"
"947",NA,"0","537","24.93","< 1 year","6000"
"948",NA,"0","624","25.75","< 1 year","14500"
"949",NA,"0","543","0","< 1 year","5000"
"950",NA,"0","549","30.44","< 1 year","2000"
"951",NA,"0","608","12.67","< 1 year","25000"
"952",NA,"0","662","30.95","< 1 year","10000"
"953",NA,"0","702","15.44","< 1 year","35000"
"954",NA,"0","564","4.62","< 1 year","1000"
"955","1","1","687","35.36","10+ years","7000"
"956",NA,"0","562","8.38","< 1 year","20000"
"957",NA,"0","650","13.35","< 1 year","20000"
"958",NA,"0","601","62.87","< 1 year","4000"
"959",NA,"0","651","11.55","2 years","6000"
"960",NA,"0","671","14.16","< 1 year","12000"
"961","1","1","662","34.65","8 years","5100"
"962",NA,"0","577","8.15","< 1 year","5000"
"963",NA,"0","539","38.56","< 1 year","5000"
"964",NA,"0","762","3.03","< 1 year","20000"
"965",NA,"0","566","21.96","< 1 year","20000"
"966",NA,"0","657","42.83","< 1 year","15000"
"967",NA,"0","662","46.72","< 1 year","3000"
"968",NA,"0","665","26.56","< 1 year","12000"
"969",NA,"0","593","18.41","< 1 year","35000"
"970",NA,"0","639","26.54","< 1 year","12000"
"971","1","1","692","10.14","4 years","6600"
"972",NA,"0","747","30.83","< 1 year","3000"
"973",NA,"0","621","0","< 1 year","1000"
"974",NA,"0","652","45.46","< 1 year","5000"
"975",NA,"0","668","19.16","< 1 year","15000"
"976",NA,"0","620","32.64","< 1 year","15000"
"977",NA,"0","586","57.96","< 1 year","6000"
"978",NA,"0","679","0","< 1 year","20000"
"979",NA,"0","673","5.66","< 1 year","10000"
"980",NA,"0","661","29.67","< 1 year","11000"
"981",NA,"0","681","19.67","< 1 year","12000"
"982",NA,"0","614","21.2","< 1 year","4600"
"983",NA,"0","714","100","< 1 year","13750"
"984",NA,"0","617","16.37","< 1 year","15000"
"985","0","1","712","1.63","6 years","6250"
"986","0","1","682","19.58","7 years","5500"
"987",NA,"0","601","13.82","< 1 year","22000"
"988",NA,"0","661","12.13","< 1 year","7000"
"989",NA,"0","633","7.09","< 1 year","35000"
"990",NA,"0","609","10.02","< 1 year","35000"
"991",NA,"0","637","24.28","< 1 year","5000"
"992",NA,"0","662","29.4","< 1 year","15000"
"993",NA,"0","585","26.65","< 1 year","20000"
"994",NA,"0","669","15.09","10+ years","15000"
"995",NA,"0","653","36.75","< 1 year","5000"
"996",NA,"0","737","43.05","< 1 year","1000"
"997",NA,"0","668","31.71","< 1 year","20000"
"998",NA,"0","587","14.86","< 1 year","5000"
"999",NA,"0","680","16","< 1 year","6000"
"1000",NA,"0","501","6.06","< 1 year","10000"
"1001",NA,"0","681","17.99","10+ years","30000"
"1002",NA,"0","746","0","< 1 year","1000"
"1003",NA,"0","635","23.32","10+ years","15000"
"1004",NA,"0","614","13.16","< 1 year","20000"
"1005",NA,"0","716","36.35","< 1 year","1400"
"1006","1","1","767","19.92","10+ years","22400"
"1007",NA,"0","705","3.63","< 1 year","1000"
"1008",NA,"0","525","36.72","< 1 year","10000"
"1009",NA,"0","644","15.51","9 years","18875"
"1010",NA,"0","602","42.17","< 1 year","3000"
"1011",NA,"0","629","15.77","< 1 year","2000"
"1012",NA,"0","663","25.5","7 years","25000"
"1013",NA,"0","624","12.27","< 1 year","15000"
"1014",NA,"0","682","30.68","< 1 year","10000"
"1015",NA,"0","633","100","< 1 year","10000"
"1016",NA,"0","607","8.86","< 1 year","4000"
"1017",NA,"0","585","3.16","< 1 year","1000"
"1018",NA,"0","620","20.7","< 1 year","35000"
"1019",NA,"0","574","8.91","< 1 year","25000"
"1020",NA,"0","667","46.29","5 years","25000"
"1021",NA,"0","623","2.44","< 1 year","5000"
"1022",NA,"0","643","21.18","< 1 year","15000"
"1023",NA,"0","662","27.63","< 1 year","10000"
"1024",NA,"0","633","8.02","< 1 year","3000"
"1025",NA,"0","632","20.84","< 1 year","35000"
"1026",NA,"0","638","5.76","< 1 year","3000"
"1027",NA,"0","606","0","< 1 year","10000"
"1028",NA,"0","634","100","< 1 year","24150"
"1029",NA,"0","632","0.67","< 1 year","1500"
"1030",NA,"0","646","32.05","< 1 year","25000"
"1031",NA,"0","696","8.13","< 1 year","30000"
"1032",NA,"0","618","22.59","< 1 year","4000"
"1033",NA,"0","688","34.05","< 1 year","25000"
"1034",NA,"0","584","8.21","< 1 year","12000"
"1035",NA,"0","651","30.5","< 1 year","20000"
"1036",NA,"0","768","8.44","< 1 year","15000"
"1037",NA,"0","588","18.62","< 1 year","20000"
"1038",NA,"0","580","351.98","< 1 year","40000"
"1039",NA,"0","555","58.83","< 1 year","1000"
"1040",NA,"0","602","35.97","< 1 year","6000"
"1041",NA,"0","587","30.33","< 1 year","2000"
"1042",NA,"0","834","29.83","< 1 year","27000"
"1043",NA,"0","567","16.02","10+ years","10000"
"1044","0","1","702","21.11","1 year","8400"
"1045","0","1","737","12.51","10+ years","10000"
"1046",NA,"0","693","9.96","< 1 year","10000"
"1047",NA,"0","659","47.53","< 1 year","15000"
"1048",NA,"0","699","25.68","< 1 year","25000"
"1049",NA,"0","662","16","< 1 year","15000"
"1050",NA,"0","651","19.08","< 1 year","40000"
"1051",NA,"0","491","5.32","< 1 year","3000"
"1052",NA,"0","672","13.88","10+ years","15000"
"1053",NA,"0","601","19.95","< 1 year","25000"
"1054",NA,"0","544","27.45","< 1 year","5000"
"1055",NA,"0","640","15.3","< 1 year","5000"
"1056","0","1","667","19.56","10+ years","7000"
"1057",NA,"0","531","2.63","< 1 year","10000"
"1058",NA,"0","513","-1","< 1 year","10000"
"1059",NA,"0","710","43.94","< 1 year","17000"
"1060",NA,"0","597","12","< 1 year","10000"
"1061",NA,"0","549","1.52","< 1 year","2000"
"1062",NA,"0","559","18.43","< 1 year","6500"
"1063",NA,"0","644","22.54","< 1 year","30000"
"1064","0","1","677","24.22","3 years","6500"
"1065",NA,"0","671","36.72","< 1 year","20000"
"1066",NA,"0","644","14.83","< 1 year","20000"
"1067","0","1","687","24","10+ years","10000"
"1068",NA,"0","626","18.24","10+ years","15000"
"1069",NA,"0","678","15.81","< 1 year","5000"
"1070",NA,"0","651","5.06","< 1 year","5000"
"1071",NA,"0","512","99999","< 1 year","1000"
"1072",NA,"0","560","15.16","< 1 year","7500"
"1073",NA,"0","687","7.2","< 1 year","15000"
"1074",NA,"0","595","6.13","< 1 year","4000"
"1075",NA,"0","617","0.56","< 1 year","10000"
"1076","0","1","722","9.12","9 years","22000"
"1077",NA,"0","714","48.61","< 1 year","35000"
"1078",NA,"0","592","8.64","< 1 year","16000"
"1079","0","1","672","10.5","6 years","1800"
"1080",NA,"0","501","2.32","7 years","10000"
"1081",NA,"0","694","0","< 1 year","5000"
"1082",NA,"0","700","7.66","< 1 year","5000"
"1083",NA,"0","619","41.96","< 1 year","5000"
"1084",NA,"0","585","15.57","< 1 year","5000"
"1085","0","1","692","20.97","3 years","24000"
"1086",NA,"0","582","16.6","< 1 year","35000"
"1087",NA,"0","710","44.82","< 1 year","40000"
"1088","0","1","672","27.29","9 years","13200"
"1089",NA,"0","611","55.92","< 1 year","6000"
"1090","1","1","667","19.61","10+ years","7800"
"1091",NA,"0","586","32.21","< 1 year","10000"
"1092",NA,"0","699","19.37","< 1 year","7000"
"1093","0","1","667","29.33","10+ years","35000"
"1094","0","1","702","26.85","2 years","2400"
"1095",NA,"0","552","0","< 1 year","1000"
"1096",NA,"0","628","0","< 1 year","1000"
"1097",NA,"0","560","46.78","< 1 year","5000"
"1098",NA,"0","664","30.61","< 1 year","3000"
"1099",NA,"0","623","12.66","< 1 year","1000"
"1100",NA,"0","749","19.73","< 1 year","30000"
"1101",NA,"0","723","45.55","< 1 year","5000"
"1102",NA,"0","622","4.71","< 1 year","1000"
"1103",NA,"0","623","53.8","< 1 year","3600"
"1104",NA,"0","596","35.05","< 1 year","6000"
"1105",NA,"0","720","14.2","6 years","14000"
"1106",NA,"0","519","16.95","< 1 year","10000"
"1107",NA,"0","501","393.52","< 1 year","1000"
"1108",NA,"0","562","55.35","< 1 year","35000"
"1109",NA,"0","525","4.26","< 1 year","1000"
"1110",NA,"0","586","31.14","< 1 year","10000"
"1111",NA,"0","584","4.7","< 1 year","9000"
"1112","0","1","697","31.17","7 years","9000"
"1113",NA,"0","572","15.34","< 1 year","35000"
"1114",NA,"0","621","18.39","< 1 year","20000"
"1115",NA,"0","664","11.74","< 1 year","10000"
"1116",NA,"0","676","11.57","< 1 year","1000"
"1117","1","1","682","27.91","10+ years","30000"
"1118",NA,"0","639","30.68","< 1 year","10000"
"1119","0","1","687","33.68","5 years","8500"
"1120",NA,"0","652","60.61","< 1 year","5000"
"1121",NA,"0","621","105.11","< 1 year","21000"
"1122",NA,"0","698","10.71","1 year","5000"
"1123",NA,"0","618","0.89","< 1 year","15000"
"1124",NA,"0","528","19.11","10+ years","1500"
"1125",NA,"0","674","40.35","< 1 year","35000"
"1126","1","1","682","28.74","10+ years","10000"
"1127",NA,"0","736","10.1","< 1 year","25000"
"1128",NA,"0","617","2.65","< 1 year","5500"
"1129",NA,"0","731","15.5","< 1 year","30000"
"1130",NA,"0","573","36.6","< 1 year","10000"
"1131",NA,"0","657","59.47","< 1 year","10000"
"1132",NA,"0","694","16.63","< 1 year","10000"
"1133","0","1","717","12.49","9 years","26150"
"1134",NA,"0","715","137.68","< 1 year","28000"
"1135",NA,"0","637","20.98","< 1 year","5000"
"1136","0","1","662","8.59","2 years","14000"
"1137",NA,"0","588","12.45","< 1 year","3000"
"1138",NA,"0","603","9.8","< 1 year","20000"
"1139",NA,"0","730","42.02","< 1 year","40000"
"1140",NA,"0","630","33.53","< 1 year","12000"
"1141",NA,"0","712","32.43","< 1 year","20000"
"1142",NA,"0","627","14.51","< 1 year","15000"
"1143",NA,"0","616","21.95","< 1 year","3000"
"1144",NA,"0","644","6.93","< 1 year","5000"
"1145",NA,"0","701","45.51","< 1 year","11500"
"1146",NA,"0","814","0","< 1 year","15000"
"1147",NA,"0","730","19","< 1 year","2000"
"1148",NA,"0","683","14.4","< 1 year","10000"
"1149",NA,"0","533","24.9","< 1 year","2500"
"1150","0","1","717","8.75","< 1 year","11500"
"1151",NA,"0","649","2.02","< 1 year","2000"
"1152","0","1","667","5.9","2 years","7200"
"1153","1","1","667","19.68","7 years","6300"
"1154","0","1","687","16.84","< 1 year","9600"
"1155",NA,"0","708","41.2","< 1 year","35000"
"1156",NA,"0","761","8.28","< 1 year","35000"
"1157",NA,"0","639","28.01","< 1 year","4300"
"1158",NA,"0","689","36.3","< 1 year","6000"
"1159",NA,"0","671","64.36","< 1 year","10000"
"1160",NA,"0","565","15.66","< 1 year","5000"
"1161",NA,"0","668","18.95","8 years","30000"
"1162",NA,"0","562","7.76","< 1 year","1000"
"1163",NA,"0","637","12.04","< 1 year","15000"
"1164",NA,"0","796","29.49","< 1 year","20000"
"1165",NA,"0","698","51.67","< 1 year","35000"
"1166",NA,"0","664","2.35","< 1 year","3500"
"1167","0","1","707","23.35","10+ years","8000"
"1168",NA,"0","612","13.12","< 1 year","1500"
"1169","0","1","667","26.22","10+ years","13500"
"1170",NA,"0","650","16.1","< 1 year","5000"
"1171",NA,"0","613","0","< 1 year","1000"
"1172",NA,"0","541","6.04","< 1 year","5000"
"1173",NA,"0","630","16.19","< 1 year","35000"
"1174",NA,"0","650","3.31","< 1 year","2000"
"1175",NA,"0","572","1.89","< 1 year","20000"
"1176",NA,"0","617","25.52","< 1 year","14000"
"1177",NA,"0","629","48.49","< 1 year","6100"
"1178",NA,"0","744","77.6","< 1 year","10000"
"1179","0","1","722","3.3","7 years","5500"
"1180",NA,"0","638","60.82","< 1 year","35000"
"1181",NA,"0","712","34.57","< 1 year","2000"
"1182",NA,"0","641","5.3","< 1 year","3500"
"1183",NA,"0","507","7.68","< 1 year","1000"
"1184",NA,"0","665","18.83","< 1 year","2000"
"1185",NA,"0","551","19.07","< 1 year","1200"
"1186",NA,"0","573","20.23","< 1 year","1500"
"1187",NA,"0","686","46.26","< 1 year","8000"
"1188",NA,"0","661","42.58","< 1 year","4000"
"1189","0","1","717","12.2","10+ years","25000"
"1190",NA,"0","501","12.78","< 1 year","3000"
"1191",NA,"0","562","8.13","< 1 year","1000"
"1192","0","1","742","21.12","10+ years","27000"
"1193",NA,"0","771","21.34","10+ years","20000"
"1194",NA,"0","647","31.91","< 1 year","10000"
"1195",NA,"0","647","28.14","< 1 year","4500"
"1196",NA,"0","642","48.83","< 1 year","40000"
"1197",NA,"0","462","3.96","< 1 year","1000"
"1198",NA,"0","573","16.58","< 1 year","3000"
"1199","0","1","682","25.75","10+ years","23000"
"1200",NA,"0","670","16.39","< 1 year","15000"
"1201",NA,"0","639","15.63","< 1 year","15000"
"1202",NA,"0","600","18.21","5 years","10000"
"1203",NA,"0","676","24.42","< 1 year","30000"
"1204",NA,"0","637","31.69","< 1 year","10000"
"1205",NA,"0","633","16.94","< 1 year","20000"
"1206",NA,"0","559","30.38","< 1 year","4000"
"1207",NA,"0","719","64.33","< 1 year","40000"
"1208",NA,"0","626","50.12","< 1 year","2000"
"1209",NA,"0","810","0.55","< 1 year","10000"
"1210",NA,"0","630","22.2","< 1 year","5000"
"1211",NA,"0","518","18.12","< 1 year","10000"
"1212",NA,"0","591","40.56","< 1 year","5000"
"1213",NA,"0","677","14.53","< 1 year","10000"
"1214",NA,"0","699","24.37","< 1 year","35000"
"1215",NA,"0","586","35.34","< 1 year","10000"
"1216",NA,"0","729","37.14","10+ years","20000"
"1217",NA,"0","652","38.33","< 1 year","16000"
"1218",NA,"0","608","29.98","< 1 year","1000"
"1219","0","1","672","20.56","10+ years","14000"
"1220",NA,"0","588","64.6","< 1 year","15000"
"1221",NA,"0","647","0.86","< 1 year","1000"
"1222",NA,"0","712","18.64","3 years","10000"
"1223",NA,"0","664","51.01","< 1 year","40000"
"1224",NA,"0","674","2.1","< 1 year","11175"
"1225",NA,"0","588","2.72","< 1 year","3000"
"1226",NA,"0","585","15.92","< 1 year","40000"
"1227",NA,"0","632","19.34","< 1 year","3200"
"1228",NA,"0","573","12.22","< 1 year","2000"
"1229",NA,"0","660","2.91","< 1 year","10000"
"1230",NA,"0","679","14.28","1 year","8000"
"1231",NA,"0","644","17.59","< 1 year","5500"
"1232","0","1","677","18.36","10+ years","8000"
"1233","0","1","672","20.59","4 years","16800"
"1234",NA,"0","624","92.25","< 1 year","6000"
"1235",NA,"0","684","35.7","< 1 year","35000"
"1236",NA,"0","625","2.14","< 1 year","1500"
"1237","0","1","662","17.11","5 years","3000"
"1238",NA,"0","738","283.29","< 1 year","14000"
"1239",NA,"0","659","64.21","10+ years","25000"
"1240","0","1","732","20.48","10+ years","10575"
"1241","0","1","667","20.26","< 1 year","6000"
"1242",NA,"0","563","13.81","< 1 year","5000"
"1243","0","1","687","14.16","6 years","5000"
"1244","0","1","727","15.8","< 1 year","5200"
"1245",NA,"0","537","0","< 1 year","10000"
"1246",NA,"0","693","38.19","< 1 year","20000"
"1247",NA,"0","588","16.32","< 1 year","25000"
"1248",NA,"0","709","30.92","< 1 year","20000"
"1249",NA,"0","529","29.68","< 1 year","3000"
"1250",NA,"0","686","59.19","< 1 year","23000"
"1251","0","1","727","21.5","2 years","10375"
"1252",NA,"0","719","43.68","5 years","30000"
"1253","0","1","697","23.88","2 years","10625"
"1254",NA,"0","535","0","< 1 year","1000"
"1255",NA,"0","606","69.8","< 1 year","2000"
"1256",NA,"0","563","659.74","< 1 year","12000"
"1257",NA,"0","632","6.36","< 1 year","10000"
"1258",NA,"0","681","30.2","< 1 year","40000"
"1259",NA,"0","753","1.18","< 1 year","12000"
"1260",NA,"0","680","31.52","< 1 year","20000"
"1261","0","1","707","17.95","2 years","8000"
"1262",NA,"0","550","49.38","< 1 year","10000"
"1263",NA,"0","578","21.41","< 1 year","4000"
"1264",NA,"0","521","20.96","< 1 year","10000"
"1265",NA,"0","701","3.55","< 1 year","15000"
"1266",NA,"0","692","38.32","< 1 year","7000"
"1267",NA,"0","612","15.77","< 1 year","2000"
"1268",NA,"0","653","19.6","< 1 year","10000"
"1269",NA,"0","642","20.39","< 1 year","16000"
"1270",NA,"0","680","52.33","< 1 year","35000"
"1271",NA,"0","646","94.44","< 1 year","20000"
"1272",NA,"0","617","12.91","< 1 year","2000"
"1273",NA,"0","620","43.23","< 1 year","35000"
"1274",NA,"0","592","13.57","< 1 year","3000"
"1275",NA,"0","617","140.31","< 1 year","5000"
"1276",NA,"0","603","25.16","< 1 year","3000"
"1277",NA,"0","651","12.21","< 1 year","5000"
"1278",NA,"0","665","8.55","< 1 year","15000"
"1279","0","1","732","15.17","9 years","2500"
"1280",NA,"0","641","25.61","< 1 year","21000"
"1281",NA,"0","654","24.5","< 1 year","4000"
"1282",NA,"0","607","1","< 1 year","3000"
"1283",NA,"0","552","31.01","< 1 year","15000"
"1284",NA,"0","525","6.51","< 1 year","10000"
"1285",NA,"0","640","2.23","< 1 year","1500"
"1286",NA,"0","691","68.68","< 1 year","25000"
"1287",NA,"0","668","0","< 1 year","5000"
"1288",NA,"0","761","35.63","< 1 year","20000"
"1289",NA,"0","623","10.95","< 1 year","5000"
"1290","0","1","702","23.75","8 years","15000"
"1291",NA,"0","683","1.44","< 1 year","35000"
"1292","1","1","697","27.99","10+ years","9550"
"1293",NA,"0","587","35.07","< 1 year","5000"
"1294",NA,"0","745","21.3","5 years","40000"
"1295",NA,"0","685","1.89","< 1 year","35000"
"1296",NA,"0","501","17.77","< 1 year","1000"
"1297",NA,"0","653","31.18","< 1 year","2000"
"1298",NA,"0","798","7.75","10+ years","20000"
"1299",NA,"0","596","23.06","< 1 year","5000"
"1300",NA,"0","571","1.56","< 1 year","1900"
"1301",NA,"0","675","30.11","< 1 year","20000"
"1302","0","1","702","33.36","10+ years","27000"
"1303",NA,"0","626","29.86","< 1 year","10000"
"1304",NA,"0","598","2.18","< 1 year","10000"
"1305",NA,"0","570","10.8","< 1 year","9000"
"1306","0","1","667","7.63","2 years","7000"
"1307",NA,"0","603","22.41","< 1 year","10000"
"1308",NA,"0","591","28.98","< 1 year","10000"
"1309",NA,"0","627","24.27","< 1 year","4500"
"1310",NA,"0","688","4.58","< 1 year","35000"
"1311",NA,"0","520","3.16","< 1 year","2000"
"1312",NA,"0","610","55.2","< 1 year","25000"
"1313",NA,"0","663","37.46","< 1 year","5000"
"1314",NA,"0","676","9.38","< 1 year","3000"
"1315",NA,"0","575","10.89","< 1 year","3500"
"1316",NA,"0","639","24.79","< 1 year","7800"
"1317",NA,"0","607","42.71","< 1 year","1000"
"1318",NA,"0","544","11.88","< 1 year","3000"
"1319",NA,"0","730","20.16","5 years","22000"
"1320",NA,"0","570","0","< 1 year","6000"
"1321",NA,"0","675","54.67","< 1 year","2000"
"1322",NA,"0","501","40.38","< 1 year","30000"
"1323",NA,"0","599","23.35","< 1 year","10000"
"1324",NA,"0","524","6.48","< 1 year","5000"
"1325",NA,"0","635","10.39","< 1 year","35000"
"1326",NA,"0","550","9.84","< 1 year","5000"
"1327",NA,"0","645","9.79","< 1 year","6000"
"1328",NA,"0","644","24.92","5 years","35000"
"1329",NA,"0","571","32.87","< 1 year","1000"
"1330",NA,"0","631","46.64","< 1 year","30000"
"1331",NA,"0","683","26.09","< 1 year","26000"
"1332","0","1","662","9.17","10+ years","10000"
"1333",NA,"0","625","11.17","< 1 year","10000"
"1334","0","1","662","13.78","4 years","5000"
"1335","1","1","662","35.63","10+ years","8000"
"1336",NA,"0","623","10.83","< 1 year","35000"
"1337",NA,"0","485","10.4","< 1 year","2500"
"1338",NA,"0","519","17.88","< 1 year","1000"
"1339",NA,"0","629","54.24","< 1 year","10000"
"1340",NA,"0","634","22.22","< 1 year","5000"
"1341","0","1","717","19.98","6 years","12000"
"1342",NA,"0","631","19.92","< 1 year","20000"
"1343",NA,"0","704","44.18","< 1 year","10000"
"1344","0","1","702","28.87","10+ years","25000"
"1345",NA,"0","640","41.94","< 1 year","35000"
"1346",NA,"0","666","49.1","< 1 year","40000"
"1347","0","1","707","17.22","10+ years","8500"
"1348",NA,"0","501","15.8","< 1 year","5000"
"1349",NA,"0","517","31.83","< 1 year","29000"
"1350","0","1","667","5.85","10+ years","25000"
"1351",NA,"0","665","37.88","< 1 year","19000"
"1352",NA,"0","674","37.4","< 1 year","5000"
"1353",NA,"0","771","58.44","< 1 year","25000"
"1354",NA,"0","555","13.42","< 1 year","1200"
"1355","0","1","667","18.6","1 year","9725"
"1356",NA,"0","648","24.03","< 1 year","10000"
"1357",NA,"0","530","16.59","< 1 year","20000"
"1358",NA,"0","692","52.99","< 1 year","15000"
"1359",NA,"0","680","37.58","< 1 year","8000"
"1360",NA,"0","617","19.94","< 1 year","6500"
"1361",NA,"0","521","7.68","< 1 year","2000"
"1362",NA,"0","705","10.66","< 1 year","35000"
"1363",NA,"0","710","3.99","< 1 year","40000"
"1364",NA,"0","714","16.98","< 1 year","15000"
"1365",NA,"0","609","20.57","< 1 year","10000"
"1366",NA,"0","650","58.37","< 1 year","10000"
"1367",NA,"0","653","15.44","< 1 year","5000"
"1368",NA,"0","592","24.77","< 1 year","10000"
"1369","0","1","672","6.74","1 year","15000"
"1370",NA,"0","638","19.84","< 1 year","2500"
"1371",NA,"0","501","81.87","< 1 year","1000"
"1372",NA,"0","565","77.26","< 1 year","20000"
"1373",NA,"0","578","16.61","< 1 year","2500"
"1374",NA,"0","643","8.66","8 years","30000"
"1375",NA,"0","517","7.43","< 1 year","2000"
"1376",NA,"0","814","26.62","< 1 year","3500"
"1377","0","1","687","20.58","10+ years","9000"
"1378","0","1","697","19.79","2 years","10100"
"1379",NA,"0","538","18.24","< 1 year","1500"
"1380",NA,"0","650","29.76","< 1 year","20000"
"1381",NA,"0","532","0","10+ years","2500"
"1382",NA,"0","689","83.3","< 1 year","1000"
"1383",NA,"0","658","10.31","< 1 year","7500"
"1384",NA,"0","607","30.73","< 1 year","1300"
"1385","0","1","697","18.34","2 years","19025"
"1386",NA,"0","613","14.73","< 1 year","5000"
"1387",NA,"0","630","0.42","< 1 year","10000"
"1388",NA,"0","651","6.65","< 1 year","8000"
"1389",NA,"0","619","3.51","< 1 year","35000"
"1390",NA,"0","566","13.32","< 1 year","8000"
"1391",NA,"0","626","15.53","< 1 year","5000"
"1392",NA,"0","684","12.96","< 1 year","13950"
"1393",NA,"0","613","6.5","< 1 year","4000"
"1394","0","1","672","9.87","10+ years","35000"
"1395",NA,"0","680","51.41","< 1 year","25000"
"1396",NA,"0","579","9.6","< 1 year","1000"
"1397",NA,"0","685","24.91","< 1 year","7000"
"1398","0","1","687","5.71","10+ years","4300"
"1399",NA,"0","689","2.49","< 1 year","2000"
"1400",NA,"0","501","0.74","< 1 year","6000"
"1401",NA,"0","555","30.58","< 1 year","5000"
"1402",NA,"0","587","0","< 1 year","2200"
"1403",NA,"0","651","16.57","< 1 year","6000"
"1404",NA,"0","655","24.92","10+ years","30000"
"1405",NA,"0","687","32.21","2 years","10000"
"1406",NA,"0","727","4.18","5 years","6000"
"1407",NA,"0","636","23.01","< 1 year","40000"
"1408",NA,"0","692","20.26","< 1 year","6000"
"1409",NA,"0","684","0.81","5 years","35000"
"1410",NA,"0","658","49.55","< 1 year","11000"
"1411",NA,"0","697","29.19","< 1 year","20000"
"1412",NA,"0","710","3.12","5 years","7600"
"1413",NA,"0","711","28.38","< 1 year","20000"
"1414",NA,"0","709","40","< 1 year","35000"
"1415","0","1","747","17.21","5 years","21500"
"1416",NA,"0","650","8.58","< 1 year","5500"
"1417",NA,"0","643","31.29","< 1 year","25000"
"1418","0","1","692","22.64","8 years","10000"
"1419",NA,"0","596","18.7","< 1 year","7000"
"1420",NA,"0","501","47.72","< 1 year","1000"
"1421",NA,"0","521","0","< 1 year","2000"
"1422",NA,"0","660","41.2","< 1 year","30000"
"1423",NA,"0","551","1.92","< 1 year","1000"
"1424",NA,"0","662","21.1","< 1 year","15000"
"1425",NA,"0","609","12.59","< 1 year","3000"
"1426",NA,"0","699","25.86","< 1 year","7000"
"1427",NA,"0","774","122.57","< 1 year","10000"
"1428",NA,"0","647","10.97","< 1 year","1000"
"1429",NA,"0","612","13.95","< 1 year","7000"
"1430","0","1","672","25.65","< 1 year","20000"
"1431","0","1","717","32.6","10+ years","10000"
"1432",NA,"0","495","0","< 1 year","2500"
"1433","0","1","707","0.96","2 years","7000"
"1434",NA,"0","531","19.39","< 1 year","18000"
"1435",NA,"0","612","37.72","< 1 year","1000"
"1436",NA,"0","594","32.68","< 1 year","40000"
"1437","1","1","692","22.02","10+ years","9250"
"1438",NA,"0","714","12.75","< 1 year","40000"
"1439",NA,"0","515","5.84","< 1 year","1000"
"1440","0","1","672","8.17","6 years","20000"
"1441",NA,"0","581","5.76","< 1 year","22000"
"1442",NA,"0","644","33.19","< 1 year","5000"
"1443",NA,"0","664","42.66","< 1 year","35000"
"1444",NA,"0","600","29.39","< 1 year","8000"
"1445",NA,"0","640","17.95","< 1 year","20000"
"1446",NA,"0","619","172.8","< 1 year","5000"
"1447",NA,"0","614","100","10+ years","11800"
"1448",NA,"0","617","7.03","< 1 year","5000"
"1449",NA,"0","635","43.68","< 1 year","10000"
"1450",NA,"0","746","0.88","< 1 year","7500"
"1451",NA,"0","682","11.66","< 1 year","35000"
"1452",NA,"0","671","10.85","< 1 year","20000"
"1453",NA,"0","663","19.16","< 1 year","7000"
"1454",NA,"0","673","16.43","< 1 year","10000"
"1455",NA,"0","683","96.86","< 1 year","3100"
"1456",NA,"0","673","0.75","< 1 year","10000"
"1457",NA,"0","575","8.97","< 1 year","30000"
"1458",NA,"0","663","27.1","3 years","10000"
"1459",NA,"0","654","30.74","10+ years","35000"
"1460",NA,"0","727","0","< 1 year","5000"
"1461",NA,"0","594","0.42","< 1 year","7500"
"1462",NA,"0","693","51.92","< 1 year","5000"
"1463",NA,"0","704","47","10+ years","20000"
"1464",NA,"0","509","18.69","< 1 year","3000"
"1465",NA,"0","597","11.73","< 1 year","1000"
"1466",NA,"0","667","134.13","< 1 year","8000"
"1467",NA,"0","625","9.31","< 1 year","30000"
"1468",NA,"0","678","47.9","< 1 year","3000"
"1469",NA,"0","659","8.64","< 1 year","1500"
"1470",NA,"0","661","41.05","< 1 year","7000"
"1471",NA,"0","701","35.4","< 1 year","10000"
"1472","0","1","667","7.7","10+ years","2500"
"1473",NA,"0","611","28.4","< 1 year","1000"
"1474","0","1","677","14.66","1 year","25300"
"1475",NA,"0","672","33.88","< 1 year","15000"
"1476",NA,"0","636","38.48","< 1 year","30000"
"1477",NA,"0","562","20.75","< 1 year","2000"
"1478",NA,"0","478","0","< 1 year","1000"
"1479",NA,"0","684","30.03","6 years","24000"
"1480",NA,"0","615","23.14","< 1 year","20000"
"1481",NA,"0","591","27.53","< 1 year","40000"
"1482",NA,"0","690","26.29","< 1 year","7100"
"1483",NA,"0","643","9.08","< 1 year","25000"
"1484",NA,"0","717","274.86","< 1 year","7000"
"1485","0","1","737","20.72","8 years","14025"
"1486",NA,"0","644","31.32","< 1 year","13000"
"1487","1","1","712","19.66","2 years","23500"
"1488",NA,"0","776","17.97","10+ years","5000"
"1489",NA,"0","686","37.46","< 1 year","10000"
"1490","0","1","692","9.12","6 years","4500"
"1491",NA,"0","715","24.74","< 1 year","19000"
"1492",NA,"0","673","61.73","< 1 year","35000"
"1493",NA,"0","760","0.72","< 1 year","1550"
"1494",NA,"0","780","48.71","< 1 year","16000"
"1495","0","1","707","12.41","3 years","7950"
"1496",NA,"0","656","17.23","< 1 year","20000"
"1497","0","1","712","18.17","10+ years","6000"
"1498",NA,"0","582","17.68","< 1 year","5000"
"1499",NA,"0","673","3.64","1 year","20000"
"1500",NA,"0","672","15.89","< 1 year","15000"
"1501",NA,"0","574","29.05","< 1 year","25000"
"1502",NA,"0","601","100","< 1 year","1000"
"1503",NA,"0","678","65.46","< 1 year","20000"
"1504",NA,"0","624","25.98","< 1 year","20000"
"1505","0","1","707","18.7","10+ years","26400"
"1506",NA,"0","700","43.07","10+ years","30000"
"1507",NA,"0","657","121.88","< 1 year","25000"
"1508",NA,"0","693","45.77","< 1 year","25000"
"1509",NA,"0","628","15.09","3 years","1500"
"1510",NA,"0","531","9.08","10+ years","10000"
"1511",NA,"0","786","27.13","< 1 year","24025"
"1512",NA,"0","733","8.31","< 1 year","5000"
"1513",NA,"0","609","0","< 1 year","1000"
"1514",NA,"0","653","43.3","5 years","30000"
"1515",NA,"0","721","25.38","3 years","19000"
"1516",NA,"0","624","14.2","< 1 year","40000"
"1517",NA,"0","631","3.79","< 1 year","1000"
"1518",NA,"0","788","24.2","10+ years","25000"
"1519",NA,"0","636","21.94","< 1 year","22000"
"1520",NA,"0","573","295.08","< 1 year","6000"
"1521",NA,"0","699","22.9","< 1 year","15000"
"1522",NA,"0","591","15.26","< 1 year","8500"
"1523",NA,"0","501","15.29","< 1 year","10000"
"1524",NA,"0","501","13.42","< 1 year","4000"
"1525",NA,"0","598","10.85","< 1 year","2500"
"1526",NA,"0","576","0","< 1 year","3000"
"1527",NA,"0","605","22.71","< 1 year","2500"
"1528",NA,"0","564","20.16","< 1 year","5000"
"1529",NA,"0","692","63.28","< 1 year","2000"
"1530",NA,"0","656","58.75","< 1 year","20000"
"1531",NA,"0","670","40.69","< 1 year","22000"
"1532",NA,"0","665","36.09","10+ years","15000"
"1533",NA,"0","573","66.09","< 1 year","3000"
"1534",NA,"0","635","13.91","< 1 year","1000"
"1535",NA,"0","609","50.16","< 1 year","3500"
"1536",NA,"0","506","25.88","< 1 year","7000"
"1537",NA,"0","499","26.05","3 years","5000"
"1538",NA,"0","700","14.55","< 1 year","20000"
"1539","0","1","702","29.07","10+ years","5000"
"1540",NA,"0","572","35.68","< 1 year","20000"
"1541",NA,"0","501","33.04","< 1 year","5000"
"1542",NA,"0","559","27.47","< 1 year","10000"
"1543",NA,"0","515","50.6","< 1 year","1500"
"1544",NA,"0","647","18.7","< 1 year","10000"
"1545",NA,"0","524","1.26","< 1 year","6000"
"1546",NA,"0","668","14.81","< 1 year","1000"
"1547",NA,"0","654","31.09","< 1 year","40000"
"1548","0","1","672","32.4","10+ years","1650"
"1549","0","1","687","13.54","10+ years","16000"
"1550",NA,"0","578","23.11","< 1 year","15000"
"1551",NA,"0","648","22.4","< 1 year","3500"
"1552",NA,"0","552","24.43","< 1 year","9700"
"1553",NA,"0","668","22.21","< 1 year","25000"
"1554","0","1","672","13.63","6 years","16000"
"1555",NA,"0","658","33.55","< 1 year","20000"
"1556",NA,"0","701","50.03","< 1 year","20000"
"1557",NA,"0","621","25.08","< 1 year","10000"
"1558",NA,"0","542","3.31","< 1 year","6000"
"1559",NA,"0","605","49.88","< 1 year","3500"
"1560",NA,"0","517","63.86","< 1 year","4000"
"1561",NA,"0","657","29.52","< 1 year","1000"
"1562",NA,"0","528","0.24","< 1 year","3000"
"1563",NA,"0","504","15.35","< 1 year","2300"
"1564",NA,"0","605","19.8","< 1 year","4500"
"1565",NA,"0","582","41.97","< 1 year","30000"
"1566",NA,"0","638","21.49","< 1 year","15000"
"1567",NA,"0","574","4.55","< 1 year","3000"
"1568",NA,"0","501","42.07","< 1 year","5475"
"1569",NA,"0","650","47.1","< 1 year","10000"
"1570",NA,"0","559","22.63","< 1 year","5000"
"1571",NA,"0","520","0.58","< 1 year","2000"
"1572",NA,"0","667","0","< 1 year","1500"
"1573",NA,"0","603","3.63","< 1 year","5000"
"1574",NA,"0","665","10.49","< 1 year","35000"
"1575",NA,"0","657","1.82","< 1 year","25000"
"1576",NA,"0","741","1.79","< 1 year","25000"
"1577",NA,"0","630","14.91","< 1 year","5600"
"1578",NA,"0","720","43.7","< 1 year","8125"
"1579",NA,"0","605","29.08","< 1 year","40000"
"1580",NA,"0","591","2.31","< 1 year","5000"
"1581","0","1","757","34.25","< 1 year","18500"
"1582",NA,"0","573","11.3","< 1 year","5000"
"1583",NA,"0","657","13.5","< 1 year","15000"
"1584",NA,"0","683","41.36","< 1 year","20000"
"1585",NA,"0","524","0.56","< 1 year","1000"
"1586",NA,"0","644","35.74","< 1 year","2000"
"1587",NA,"0","674","18.82","< 1 year","10000"
"1588",NA,"0","524","18.57","< 1 year","7500"
"1589",NA,"0","698","23.83","2 years","13000"
"1590",NA,"0","627","100","< 1 year","17975"
"1591",NA,"0","688","0","< 1 year","5000"
"1592",NA,"0","623","19.26","< 1 year","15000"
"1593",NA,"0","535","25.42","< 1 year","2000"
"1594",NA,"0","735","35.94","< 1 year","10000"
"1595",NA,"0","527","0","< 1 year","10000"
"1596","0","1","742","22.33","10+ years","35000"
"1597",NA,"0","653","55.18","< 1 year","2500"
"1598",NA,"0","719","10.52","10+ years","40000"
"1599",NA,"0","585","13.94","< 1 year","17000"
"1600",NA,"0","680","10.38","10+ years","8000"
"1601",NA,"0","646","26.99","< 1 year","15000"
"1602",NA,"0","586","18.01","< 1 year","5000"
"1603",NA,"0","729","33.32","< 1 year","25000"
"1604",NA,"0","671","10.67","< 1 year","5000"
"1605",NA,"0","672","10.68","< 1 year","10000"
"1606",NA,"0","584","1.77","< 1 year","15000"
"1607",NA,"0","606","91.5","< 1 year","30000"
"1608",NA,"0","657","0","< 1 year","22000"
"1609",NA,"0","610","10.49","< 1 year","4000"
"1610",NA,"0","538","27.59","< 1 year","10000"
"1611","1","1","697","19","3 years","11175"
"1612",NA,"0","525","0.4","< 1 year","10000"
"1613",NA,"0","718","0","< 1 year","4000"
"1614",NA,"0","643","20.16","< 1 year","7000"
"1615","0","1","707","20.86","6 years","8875"
"1616",NA,"0","674","20.68","10+ years","20000"
"1617","0","1","747","23.81","10+ years","40000"
"1618",NA,"0","645","19.44","< 1 year","20000"
"1619",NA,"0","627","23.8","< 1 year","10000"
"1620",NA,"0","610","10.19","< 1 year","5000"
"1621","0","1","717","17.25","4 years","12175"
"1622",NA,"0","652","32.27","< 1 year","2000"
"1623","0","1","682","19.41","10+ years","35000"
"1624","1","1","682","21.77","10+ years","25000"
"1625",NA,"0","651","6.78","< 1 year","1800"
"1626",NA,"0","664","11.16","< 1 year","20000"
"1627",NA,"0","671","26.28","< 1 year","30000"
"1628",NA,"0","717","22.43","6 years","25000"
"1629",NA,"0","789","12.23","< 1 year","10000"
"1630",NA,"0","651","26.61","< 1 year","20000"
"1631",NA,"0","681","17.02","< 1 year","24000"
"1632",NA,"0","604","31.49","< 1 year","2500"
"1633","0","1","727","13.61","5 years","21000"
"1634",NA,"0","691","28.47","< 1 year","35000"
"1635",NA,"0","601","4.21","< 1 year","35000"
"1636",NA,"0","601","49.45","< 1 year","35000"
"1637",NA,"0","629","10.16","< 1 year","40000"
"1638",NA,"0","804","1.17","< 1 year","4000"
"1639",NA,"0","592","12.59","< 1 year","2000"
"1640",NA,"0","692","9.07","< 1 year","10000"
"1641","0","1","677","25.25","10+ years","3000"
"1642",NA,"0","684","29.58","< 1 year","40000"
"1643",NA,"0","574","22.78","< 1 year","3500"
"1644",NA,"0","520","25.95","< 1 year","5800"
"1645",NA,"0","615","4.72","< 1 year","1000"
"1646",NA,"0","691","43.76","< 1 year","25000"
"1647",NA,"0","471","11.88","< 1 year","1000"
"1648",NA,"0","715","36.58","< 1 year","7000"
"1649",NA,"0","564","97.94","< 1 year","6000"
"1650",NA,"0","641","23.23","< 1 year","25000"
"1651",NA,"0","776","25.49","< 1 year","10000"
"1652",NA,"0","650","15.81","< 1 year","15000"
"1653","1","1","687","5.97","2 years","20000"
"1654",NA,"0","671","12.41","< 1 year","15000"
"1655",NA,"0","614","13.7","< 1 year","25000"
"1656",NA,"0","550","19.68","5 years","15000"
"1657",NA,"0","599","10.16","< 1 year","4000"
"1658",NA,"0","589","0","< 1 year","6000"
"1659",NA,"0","626","83.7","< 1 year","25000"
"1660",NA,"0","676","30.69","< 1 year","20000"
"1661",NA,"0","662","43.97","< 1 year","10000"
"1662","0","1","707","21.3","10+ years","12000"
"1663",NA,"0","599","41.36","< 1 year","15000"
"1664",NA,"0","661","10.02","< 1 year","10000"
"1665",NA,"0","613","42.63","< 1 year","35000"
"1666",NA,"0","563","20.88","< 1 year","10000"
"1667",NA,"0","539","8.49","< 1 year","15000"
"1668",NA,"0","648","51.84","< 1 year","20000"
"1669",NA,"0","634","9.45","3 years","8000"
"1670",NA,"0","581","18.88","< 1 year","8100"
"1671","1","1","687","38.23","10+ years","15000"
"1672","0","1","667","23.01","2 years","5800"
"1673",NA,"0","532","16.08","< 1 year","2500"
"1674",NA,"0","606","26.67","< 1 year","1000"
"1675",NA,"0","622","32.7","< 1 year","5000"
"1676",NA,"0","622","34.62","< 1 year","17500"
"1677",NA,"0","636","5.96","< 1 year","3000"
"1678",NA,"0","581","4.62","< 1 year","10000"
"1679",NA,"0","543","0","< 1 year","6000"
"1680",NA,"0","661","14.42","< 1 year","4800"
"1681",NA,"0","501","4.38","< 1 year","15000"
"1682",NA,"0","739","14.57","< 1 year","12000"
"1683",NA,"0","549","4.08","< 1 year","1000"
"1684",NA,"0","673","35.55","< 1 year","25000"
"1685","0","1","722","19.2","3 years","12600"
"1686",NA,"0","639","10.51","< 1 year","30000"
"1687",NA,"0","680","48.15","< 1 year","10000"
"1688",NA,"0","663","10.65","< 1 year","10000"
"1689","0","1","682","12.37","3 years","8400"
"1690",NA,"0","782","42.2","< 1 year","20000"
"1691",NA,"0","749","0","< 1 year","1000"
"1692",NA,"0","607","17.15","< 1 year","3000"
"1693",NA,"0","546","7.68","< 1 year","9000"
"1694",NA,"0","544","0","< 1 year","5500"
"1695",NA,"0","541","0","< 1 year","3000"
"1696",NA,"0","625","50.1","< 1 year","2000"
"1697",NA,"0","678","21.95","< 1 year","35000"
"1698","0","1","712","9.64","10+ years","10000"
"1699",NA,"0","300","0.38","< 1 year","5000"
"1700",NA,"0","544","100","3 years","22300"
"1701",NA,"0","739","100","1 year","30000"
"1702",NA,"0","675","4.88","< 1 year","30000"
"1703",NA,"0","700","52.08","< 1 year","10000"
"1704","0","1","687","16.38","10+ years","3000"
"1705",NA,"0","623","33.06","< 1 year","3000"
"1706",NA,"0","655","18.72","< 1 year","13300"
"1707","0","1","662","10.96","5 years","10000"
"1708",NA,"0","728","10.23","10+ years","9000"
"1709",NA,"0","594","27.51","< 1 year","9000"
"1710",NA,"0","630","20.35","< 1 year","10000"
"1711","0","1","747","19.55","10+ years","8000"
"1712",NA,"0","611","9.8","10+ years","5000"
"1713",NA,"0","734","1153.78","< 1 year","40000"
"1714",NA,"0","615","45.76","< 1 year","1500"
"1715","0","1","682","32.78","5 years","7000"
"1716",NA,"0","658","9.19","< 1 year","20000"
"1717",NA,"0","644","24.98","< 1 year","15000"
"1718",NA,"0","664","33.91","< 1 year","10000"
"1719",NA,"0","584","44.54","< 1 year","35000"
"1720",NA,"0","661","6.46","< 1 year","10000"
"1721",NA,"0","673","23.52","< 1 year","1000"
"1722",NA,"0","649","34.66","< 1 year","5000"
"1723",NA,"0","630","26.25","< 1 year","5000"
"1724",NA,"0","654","53.97","1 year","11000"
"1725",NA,"0","652","15.91","< 1 year","8000"
"1726",NA,"0","528","12.06","< 1 year","5000"
"1727",NA,"0","760","8.55","< 1 year","25000"
"1728",NA,"0","573","17.23","< 1 year","5000"
"1729",NA,"0","684","77.74","< 1 year","10000"
"1730",NA,"0","668","19.3","< 1 year","25000"
"1731","0","1","727","30.36","< 1 year","9000"
"1732",NA,"0","680","21.91","< 1 year","6300"
"1733",NA,"0","673","10.43","< 1 year","2200"
"1734",NA,"0","631","1.38","< 1 year","10000"
"1735","0","1","677","13.84","4 years","20000"
"1736",NA,"0","588","0","< 1 year","10000"
"1737",NA,"0","683","46.52","< 1 year","8000"
"1738",NA,"0","566","16.09","< 1 year","2500"
"1739",NA,"0","627","13.82","< 1 year","5000"
"1740","0","1","757","5.51","2 years","35000"
"1741",NA,"0","512","68.67","< 1 year","5000"
"1742",NA,"0","650","16.47","< 1 year","5000"
"1743",NA,"0","557","25.81","< 1 year","4000"
"1744",NA,"0","620","21.62","< 1 year","20000"
"1745",NA,"0","640","56.62","< 1 year","20000"
"1746",NA,"0","596","210172.8","< 1 year","15000"
"1747",NA,"0","664","126.68","< 1 year","1000"
"1748",NA,"0","754","26.15","< 1 year","35000"
"1749",NA,"0","645","6.61","< 1 year","15000"
"1750",NA,"0","741","10.92","3 years","10000"
"1751",NA,"0","625","16.41","< 1 year","5000"
"1752","0","1","662","28.05","1 year","16000"
"1753",NA,"0","637","195.48","< 1 year","3000"
"1754",NA,"0","622","12.48","< 1 year","20000"
"1755",NA,"0","701","62.6","< 1 year","4000"
"1756",NA,"0","604","15.79","< 1 year","3000"
"1757","1","1","697","14.11","10+ years","35000"
"1758",NA,"0","586","22.33","< 1 year","35000"
"1759",NA,"0","521","0","< 1 year","2000"
"1760",NA,"0","664","24.87","< 1 year","10000"
"1761",NA,"0","584","29.04","< 1 year","1700"
"1762",NA,"0","590","8.57","< 1 year","5000"
"1763",NA,"0","592","22.42","< 1 year","20000"
"1764",NA,"0","653","10.54","< 1 year","15000"
"1765",NA,"0","673","47.6","< 1 year","25000"
"1766",NA,"0","605","-1","< 1 year","3000"
"1767",NA,"0","613","20.22","< 1 year","20000"
"1768",NA,"0","695","31.43","< 1 year","20000"
"1769",NA,"0","742","1.6","< 1 year","35000"
"1770",NA,"0","570","0.85","< 1 year","3500"
"1771",NA,"0","625","38.19","< 1 year","2000"
"1772","1","1","662","61.79","5 years","17000"
"1773",NA,"0","643","6.12","< 1 year","5000"
"1774",NA,"0","683","13.35","< 1 year","16000"
"1775",NA,"0","676","44.48","< 1 year","25000"
"1776",NA,"0","642","29.35","< 1 year","10000"
"1777",NA,"0","597","24.27","< 1 year","5000"
"1778",NA,"0","606","25.47","< 1 year","28000"
"1779",NA,"0","612","5.73","< 1 year","15000"
"1780",NA,"0","648","12.07","< 1 year","4000"
"1781",NA,"0","663","27.44","< 1 year","4500"
"1782",NA,"0","742","2.47","10+ years","20000"
"1783",NA,"0","635","0.17","< 1 year","6000"
"1784",NA,"0","538","10.22","< 1 year","4000"
"1785",NA,"0","457","282.57","< 1 year","3000"
"1786","0","1","662","5.26","3 years","12000"
"1787","0","1","802","11.64","1 year","10000"
"1788",NA,"0","783","14.73","< 1 year","13150"
"1789",NA,"0","633","63237.2","< 1 year","23000"
"1790",NA,"0","600","0","< 1 year","1000"
"1791",NA,"0","677","20.06","< 1 year","10000"
"1792","0","1","742","33.92","10+ years","27750"
"1793",NA,"0","552","0","< 1 year","1000"
"1794",NA,"0","622","39.02","< 1 year","30000"
"1795",NA,"0","677","152.26","< 1 year","35000"
"1796","0","1","707","8.27","4 years","5000"
"1797",NA,"0","689","25.8","2 years","6000"
"1798",NA,"0","703","56.94","< 1 year","35000"
"1799",NA,"0","598","25.77","< 1 year","5000"
"1800",NA,"0","622","25.28","< 1 year","5000"
"1801",NA,"0","635","16.42","< 1 year","20000"
"1802",NA,"0","518","100","< 1 year","24750"
"1803",NA,"0","613","5","5 years","2000"
"1804",NA,"0","687","3.64","< 1 year","15000"
"1805",NA,"0","606","74.33","< 1 year","20000"
"1806",NA,"0","605","10.77","< 1 year","6000"
"1807",NA,"0","708","38.4","< 1 year","30000"
"1808",NA,"0","633","89.26","< 1 year","1000"
"1809",NA,"0","671","24.97","< 1 year","10000"
"1810",NA,"0","662","23.17","< 1 year","6500"
"1811",NA,"0","547","6.74","4 years","7000"
"1812",NA,"0","629","26.11","< 1 year","10000"
"1813",NA,"0","627","15.81","< 1 year","25000"
"1814",NA,"0","600","24.96","< 1 year","12000"
"1815",NA,"0","608","0","< 1 year","2500"
"1816",NA,"0","616","18.1","< 1 year","5000"
"1817",NA,"0","638","55.8","< 1 year","3000"
"1818",NA,"0","701","38.85","< 1 year","35000"
"1819",NA,"0","650","7.47","< 1 year","25000"
"1820",NA,"0","620","23.07","< 1 year","6500"
"1821","0","1","687","28.61","2 years","19200"
"1822",NA,"0","680","35.5","< 1 year","5000"
"1823",NA,"0","732","24.94","7 years","35000"
"1824",NA,"0","603","5.08","< 1 year","10000"
"1825",NA,"0","636","32.37","< 1 year","15000"
"1826","1","1","737","39","7 years","9600"
"1827",NA,"0","663","13.33","< 1 year","25000"
"1828",NA,"0","644","28.74","< 1 year","25000"
"1829",NA,"0","620","13.13","< 1 year","6700"
"1830","0","1","667","28.12","2 years","1500"
"1831",NA,"0","642","7.95","< 1 year","35000"
"1832",NA,"0","630","26.11","< 1 year","15000"
"1833",NA,"0","636","19.89","< 1 year","5000"
"1834",NA,"0","613","78.26","< 1 year","10000"
"1835",NA,"0","545","53.15","< 1 year","10000"
"1836",NA,"0","524","34.15","< 1 year","1000"
"1837","0","1","692","4.58","2 years","24000"
"1838",NA,"0","710","123","< 1 year","2500"
"1839",NA,"0","716","25","< 1 year","12000"
"1840",NA,"0","589","23.76","< 1 year","2000"
"1841",NA,"0","501","3.3","< 1 year","1500"
"1842",NA,"0","669","90.81","< 1 year","40000"
"1843",NA,"0","549","63.41","< 1 year","1000"
"1844",NA,"0","622","5.81","< 1 year","9000"
"1845",NA,"0","501","37.11","< 1 year","1000"
"1846",NA,"0","550","18.41","< 1 year","15000"
"1847",NA,"0","806","7.18","5 years","35000"
"1848",NA,"0","581","5.33","< 1 year","2500"
"1849",NA,"0","704","47.35","< 1 year","10000"
"1850",NA,"0","607","22.05","< 1 year","1000"
"1851",NA,"0","659","41.52","< 1 year","20000"
"1852",NA,"0","741","0","5 years","25000"
"1853",NA,"0","532","21.1","< 1 year","1200"
"1854","0","1","697","33.14","8 years","6000"
"1855",NA,"0","612","10.74","< 1 year","11500"
"1856",NA,"0","713","36.74","< 1 year","10000"
"1857",NA,"0","695","27.56","5 years","8000"
"1858",NA,"0","734","19.88","< 1 year","5000"
"1859",NA,"0","735","3.07","< 1 year","2500"
"1860",NA,"0","628","4.25","< 1 year","1500"
"1861","0","1","677","27.4","3 years","15000"
"1862",NA,"0","681","41.9","< 1 year","35000"
"1863",NA,"0","676","22.21","< 1 year","10000"
"1864",NA,"0","708","41.55","< 1 year","10000"
"1865",NA,"0","770","13.31","2 years","35000"
"1866",NA,"0","513","21.1","< 1 year","5000"
"1867",NA,"0","533","11.38","< 1 year","15000"
"1868","1","1","682","29.92","10+ years","19750"
"1869","1","1","672","22.53","7 years","29000"
"1870",NA,"0","529","3.08","< 1 year","1500"
"1871",NA,"0","651","17.87","< 1 year","10000"
"1872",NA,"0","619","167.35","< 1 year","10000"
"1873",NA,"0","583","22.42","< 1 year","25000"
"1874",NA,"0","639","13.39","< 1 year","20000"
"1875",NA,"0","743","3.84","< 1 year","1000"
"1876","1","1","667","37.93","10+ years","15000"
"1877",NA,"0","592","43.58","< 1 year","5000"
"1878",NA,"0","581","26.56","< 1 year","1200"
"1879",NA,"0","675","29.72","< 1 year","6000"
"1880",NA,"0","662","32.58","< 1 year","5000"
"1881",NA,"0","501","42.46","< 1 year","25000"
"1882",NA,"0","620","100","< 1 year","11225"
"1883",NA,"0","668","21.84","< 1 year","10000"
"1884",NA,"0","639","27.61","< 1 year","3000"
"1885",NA,"0","431","16","< 1 year","5000"
"1886",NA,"0","635","8.96","< 1 year","20000"
"1887","0","1","677","19.58","10+ years","25000"
"1888",NA,"0","805","11.81","< 1 year","6700"
"1889",NA,"0","579","100","< 1 year","23300"
"1890",NA,"0","614","53.58","< 1 year","5000"
"1891",NA,"0","726","40.37","< 1 year","10000"
"1892",NA,"0","684","13.29","< 1 year","25000"
"1893","0","1","667","11.7","10+ years","14000"
"1894",NA,"0","659","20.82","< 1 year","32000"
"1895",NA,"0","657","0","< 1 year","5000"
"1896",NA,"0","642","13.04","< 1 year","12300"
"1897",NA,"0","528","309.47","1 year","1500"
"1898",NA,"0","501","18.67","< 1 year","5000"
"1899",NA,"0","640","4.15","2 years","10000"
"1900",NA,"0","612","11.32","< 1 year","12000"
"1901",NA,"0","626","7.2","< 1 year","3000"
"1902","0","1","737","18.94","10+ years","35000"
"1903",NA,"0","702","37.73","< 1 year","17000"
"1904",NA,"0","597","5.32","< 1 year","1000"
"1905",NA,"0","708","0.59","< 1 year","10000"
"1906",NA,"0","627","22.4","< 1 year","15000"
"1907","0","1","672","10.8","5 years","15275"
"1908",NA,"0","685","12.73","< 1 year","12000"
"1909",NA,"0","641","19.78","< 1 year","5000"
"1910","1","1","667","16.47","3 years","7525"
"1911",NA,"0","512","1.78","< 1 year","2000"
"1912",NA,"0","684","56.46","< 1 year","11000"
"1913",NA,"0","681","13.18","< 1 year","10000"
"1914",NA,"0","586","1.48","< 1 year","12500"
"1915",NA,"0","686","21.69","< 1 year","35000"
"1916",NA,"0","573","7.42","< 1 year","10000"
"1917",NA,"0","683","23.52","< 1 year","15000"
"1918",NA,"0","574","0.39","< 1 year","4000"
"1919","0","1","702","12.58","6 years","15000"
"1920",NA,"0","636","0.37","< 1 year","12000"
"1921",NA,"0","620","28.61","< 1 year","3000"
"1922",NA,"0","666","31.82","< 1 year","2000"
"1923",NA,"0","631","55.89","< 1 year","20000"
"1924",NA,"0","624","4.16","< 1 year","2000"
"1925",NA,"0","525","6.93","< 1 year","1000"
"1926",NA,"0","629","16.58","< 1 year","12000"
"1927",NA,"0","678","57.14","< 1 year","10000"
"1928",NA,"0","659","38.36","< 1 year","5000"
"1929",NA,"0","508","78.23","< 1 year","4000"
"1930",NA,"0","573","13.51","< 1 year","2000"
"1931",NA,"0","667","0","< 1 year","10000"
"1932",NA,"0","665","14.74","< 1 year","10000"
"1933",NA,"0","665","42.6","< 1 year","40000"
"1934","1","1","667","25.3","5 years","17875"
"1935",NA,"0","636","20.05","< 1 year","14000"
"1936",NA,"0","630","198.8","< 1 year","3000"
"1937",NA,"0","641","41.87","< 1 year","25000"
"1938",NA,"0","719","27.39","< 1 year","2200"
"1939",NA,"0","720","2.8","10+ years","25000"
"1940",NA,"0","701","18.99","2 years","7800"
"1941",NA,"0","645","9.56","< 1 year","5000"
"1942",NA,"0","587","33.08","< 1 year","5000"
"1943","0","1","677","6.96","2 years","15000"
"1944",NA,"0","615","13.42","< 1 year","40000"
"1945",NA,"0","658","56.1","< 1 year","17000"
"1946",NA,"0","703","69.11","< 1 year","9300"
"1947",NA,"0","675","18.38","< 1 year","8000"
"1948","0","1","717","26.73","5 years","12000"
"1949",NA,"0","637","1.2","< 1 year","1000"
"1950","0","1","687","15.32","8 years","20000"
"1951",NA,"0","603","0","< 1 year","2000"
"1952",NA,"0","689","32.96","10+ years","3500"
"1953","0","1","702","27.36","1 year","15000"
"1954",NA,"0","466","5.28","< 1 year","5000"
"1955",NA,"0","673","6.84","< 1 year","40000"
"1956",NA,"0","678","48.95","< 1 year","12000"
"1957",NA,"0","637","4.2","< 1 year","5000"
"1958",NA,"0","518","50.48","< 1 year","2000"
"1959",NA,"0","620","4.85","< 1 year","18000"
"1960",NA,"0","524","1.81","< 1 year","2500"
"1961",NA,"0","712","42.32","< 1 year","35000"
"1962",NA,"0","640","27.12","< 1 year","10000"
"1963",NA,"0","597","17.56","< 1 year","3500"
"1964",NA,"0","625","8.3","< 1 year","6000"
"1965",NA,"0","637","11.75","< 1 year","1000"
"1966",NA,"0","691","32.34","< 1 year","35000"
"1967",NA,"0","575","84.42","< 1 year","6025"
"1968",NA,"0","806","1.48","7 years","15000"
"1969",NA,"0","501","43.72","< 1 year","5000"
"1970",NA,"0","710","6.11","< 1 year","1000"
"1971",NA,"0","522","25.1","< 1 year","7500"
"1972",NA,"0","649","23.57","< 1 year","25000"
"1973",NA,"0","621","30.13","< 1 year","3000"
"1974",NA,"0","640","38.38","< 1 year","30000"
"1975",NA,"0","596","21.99","< 1 year","1000"
"1976",NA,"0","602","27.61","< 1 year","2000"
"1977",NA,"0","615","34.35","< 1 year","20000"
"1978","0","1","692","17.06","4 years","28000"
"1979",NA,"0","613","100","< 1 year","16225"
"1980",NA,"0","634","22.35","8 years","5000"
"1981",NA,"0","699","40.98","< 1 year","7000"
"1982",NA,"0","620","2.84","< 1 year","2000"
"1983",NA,"0","651","208.28","< 1 year","11300"
"1984",NA,"0","672","1.95","< 1 year","10000"
"1985",NA,"0","761","12.96","< 1 year","14975"
"1986",NA,"0","644","33.81","< 1 year","27000"
"1987",NA,"0","605","100","< 1 year","8000"
"1988",NA,"0","708","65.07","< 1 year","15000"
"1989",NA,"0","627","6.05","< 1 year","15000"
"1990",NA,"0","593","0.64","< 1 year","1000"
"1991",NA,"0","661","22.28","< 1 year","20000"
"1992",NA,"0","658","16.62","< 1 year","5000"
"1993",NA,"0","655","4.75","< 1 year","8000"
"1994",NA,"0","615","25.11","5 years","7000"
"1995",NA,"0","824","0.28","< 1 year","10000"
"1996","1","1","722","5.22","< 1 year","8000"
"1997",NA,"0","717","5.58","10+ years","12000"
"1998",NA,"0","625","62.35","< 1 year","10000"
"1999",NA,"0","688","44.04","< 1 year","6000"
"2000",NA,"0","641","52.83","< 1 year","5000"
"2001",NA,"0","605","98.56","< 1 year","20000"
"2002",NA,"0","663","24.26","3 years","20000"
"2003",NA,"0","642","8.24","< 1 year","8000"
"2004",NA,"0","651","14.08","< 1 year","2000"
"2005",NA,"0","606","8.74","< 1 year","10000"
"2006",NA,"0","732","0.34","10+ years","40000"
"2007",NA,"0","655","7.13","< 1 year","10000"
"2008",NA,"0","489","9.56","< 1 year","3000"
"2009",NA,"0","691","44.56","< 1 year","20000"
"2010",NA,"0","661","4.5","5 years","3000"
"2011","0","1","777","13.31","3 years","31000"
"2012",NA,"0","532","63.77","< 1 year","1000"
"2013",NA,"0","620","20.76","< 1 year","5000"
"2014",NA,"0","677","10.53","< 1 year","20000"
"2015",NA,"0","561","10.06","< 1 year","4000"
"2016",NA,"0","599","21.55","< 1 year","8000"
"2017",NA,"0","771","25.44","< 1 year","4000"
"2018",NA,"0","609","19.05","< 1 year","6000"
"2019","1","1","697","31.58","8 years","18550"
"2020",NA,"0","501","0.33","< 1 year","17000"
"2021",NA,"0","535","2.65","< 1 year","10000"
"2022",NA,"0","670","53.39","< 1 year","35000"
"2023",NA,"0","647","39.61","< 1 year","20000"
"2024",NA,"0","605","65.25","< 1 year","1500"
"2025",NA,"0","545","7.56","6 years","5000"
"2026",NA,"0","662","23.02","4 years","20000"
"2027","0","1","742","11.55","8 years","35000"
"2028",NA,"0","706","20.27","2 years","35000"
"2029","0","1","687","19.99","9 years","15000"
"2030",NA,"0","634","5","< 1 year","2000"
"2031",NA,"0","673","34.81","< 1 year","25000"
"2032","0","1","687","10.86","2 years","25000"
"2033",NA,"0","595","27.94","< 1 year","20000"
"2034",NA,"0","581","31.78","< 1 year","5000"
"2035","0","1","682","33.36","3 years","2250"
"2036",NA,"0","683","38.15","< 1 year","30000"
"2037",NA,"0","657","27.2","6 years","16000"
"2038",NA,"0","608","8.76","< 1 year","5000"
"2039",NA,"0","701","13.71","1 year","9000"
"2040",NA,"0","615","9.48","< 1 year","5000"
"2041",NA,"0","483","2.69","1 year","1000"
"2042","1","1","672","19.43","6 years","29000"
"2043",NA,"0","549","17.82","< 1 year","5000"
"2044",NA,"0","558","8.6","< 1 year","5000"
"2045",NA,"0","477","4.25","< 1 year","4000"
"2046",NA,"0","683","100","< 1 year","10300"
"2047",NA,"0","574","11.67","< 1 year","1000"
"2048",NA,"0","635","74.14","< 1 year","2500"
"2049",NA,"0","681","22.79","< 1 year","30000"
"2050","0","1","687","12.97","7 years","6500"
"2051",NA,"0","679","22.47","5 years","15000"
"2052",NA,"0","643","0","< 1 year","6500"
"2053",NA,"0","579","4.59","< 1 year","10500"
"2054",NA,"0","605","49.44","< 1 year","20000"
"2055","0","1","697","35.17","4 years","19300"
"2056","0","1","707","0","< 1 year","5500"
"2057",NA,"0","647","19.33","< 1 year","4000"
"2058","0","1","672","7.17","10+ years","24000"
"2059",NA,"0","668","8.84","< 1 year","7000"
"2060",NA,"0","630","10.35","< 1 year","3000"
"2061",NA,"0","599","4","< 1 year","20000"
"2062",NA,"0","611","10.47","< 1 year","7000"
"2063",NA,"0","652","15.48","< 1 year","15000"
"2064",NA,"0","617","25.09","< 1 year","15000"
"2065",NA,"0","609","27.53","< 1 year","1000"
"2066",NA,"0","538","0","< 1 year","3000"
"2067",NA,"0","652","16.96","< 1 year","12000"
"2068",NA,"0","607","0.6","< 1 year","1000"
"2069",NA,"0","642","42.65","< 1 year","24000"
"2070",NA,"0","538","55.48","< 1 year","5000"
"2071",NA,"0","667","32","< 1 year","6000"
"2072",NA,"0","569","1.66","< 1 year","2000"
"2073",NA,"0","560","100","< 1 year","29525"
"2074",NA,"0","710","31.12","< 1 year","18000"
"2075",NA,"0","595","33.03","< 1 year","25000"
"2076",NA,"0","499","52.32","2 years","13000"
"2077",NA,"0","608","0.22","< 1 year","5000"
"2078",NA,"0","645","28.62","< 1 year","10000"
"2079",NA,"0","617","9.68","< 1 year","10000"
"2080",NA,"0","594","22.31","< 1 year","1000"
"2081",NA,"0","612","17.29","< 1 year","5000"
"2082","1","1","692","7.03","10+ years","11875"
"2083",NA,"0","669","25.84","< 1 year","20000"
"2084",NA,"0","605","19.21","< 1 year","3500"
"2085",NA,"0","593","13.63","< 1 year","10000"
"2086",NA,"0","698","35.39","< 1 year","15000"
"2087",NA,"0","514","0","< 1 year","5000"
"2088",NA,"0","566","12.62","< 1 year","20000"
"2089",NA,"0","541","12.94","< 1 year","9000"
"2090",NA,"0","676","21.38","< 1 year","35000"
"2091","0","1","722","26.72","10+ years","12000"
"2092",NA,"0","658","52.86","< 1 year","15000"
"2093",NA,"0","520","43.63","< 1 year","5000"
"2094",NA,"0","719","93.52","< 1 year","20000"
"2095","0","1","702","11.5","6 years","8000"
"2096",NA,"0","624","10.21","< 1 year","3500"
"2097",NA,"0","592","9.89","< 1 year","10000"
"2098",NA,"0","598","58.28","< 1 year","3500"
"2099","0","1","762","9.09","8 years","25000"
"2100",NA,"0","694","20.18","< 1 year","40000"
"2101",NA,"0","669","0","< 1 year","4500"
"2102",NA,"0","610","16.13","< 1 year","1200"
"2103",NA,"0","611","0.05","< 1 year","35000"
"2104",NA,"0","601","56.09","< 1 year","1000"
"2105","0","1","687","22.52","10+ years","7500"
"2106",NA,"0","662","27.38","< 1 year","10000"
"2107","0","1","687","27.37","7 years","5000"
"2108",NA,"0","611","0.17","< 1 year","5000"
"2109",NA,"0","639","34.8","< 1 year","10000"
"2110",NA,"0","682","8.47","< 1 year","20000"
"2111",NA,"0","644","65.89","< 1 year","15000"
"2112","0","1","732","14.47","4 years","28000"
"2113","0","1","722","19.61","4 years","20000"
"2114",NA,"0","545","0","< 1 year","3500"
"2115",NA,"0","590","21.01","< 1 year","5000"
"2116",NA,"0","629","20.75","< 1 year","10000"
"2117",NA,"0","543","53.04","< 1 year","2500"
"2118",NA,"0","714","35.01","< 1 year","30000"
"2119",NA,"0","663","54.85","< 1 year","10000"
"2120",NA,"0","776","1.77","< 1 year","10000"
"2121",NA,"0","505","0.97","< 1 year","1700"
"2122",NA,"0","660","45.68","< 1 year","10000"
"2123",NA,"0","533","0","< 1 year","3000"
"2124",NA,"0","645","20.08","< 1 year","8400"
"2125",NA,"0","639","4.63","< 1 year","27500"
"2126",NA,"0","718","37.17","< 1 year","12000"
"2127",NA,"0","673","3.32","< 1 year","35000"
"2128",NA,"0","713","38.57","< 1 year","5000"
"2129","0","1","667","10.1","6 years","4000"
"2130",NA,"0","566","28.99","< 1 year","1000"
"2131",NA,"0","526","131.33","< 1 year","2000"
"2132",NA,"0","627","52.56","< 1 year","10000"
"2133",NA,"0","631","100","< 1 year","17025"
"2134",NA,"0","663","4.22","5 years","15000"
"2135",NA,"0","611","39.54","< 1 year","40000"
"2136",NA,"0","632","12.13","< 1 year","8000"
"2137",NA,"0","533","42.48","< 1 year","1000"
"2138",NA,"0","675","12.9","< 1 year","1500"
"2139",NA,"0","653","32.8","< 1 year","20000"
"2140","1","1","662","25.68","10+ years","12000"
"2141",NA,"0","659","13.83","< 1 year","5000"
"2142",NA,"0","586","8.35","< 1 year","5000"
"2143",NA,"0","670","21.92","< 1 year","25000"
"2144",NA,"0","603","29.84","< 1 year","10000"
"2145",NA,"0","678","77.27","< 1 year","35000"
"2146",NA,"0","567","21.01","< 1 year","2000"
"2147","0","1","702","20.05","8 years","25000"
"2148",NA,"0","610","42.31","< 1 year","35000"
"2149",NA,"0","702","6055.68","< 1 year","25000"
"2150",NA,"0","638","42.26","< 1 year","6000"
"2151",NA,"0","651","17.78","< 1 year","3000"
"2152","1","1","682","17.98","2 years","30000"
"2153",NA,"0","602","11.97","< 1 year","5000"
"2154",NA,"0","498","9.62","< 1 year","1000"
"2155",NA,"0","547","2.31","< 1 year","1000"
"2156",NA,"0","692","25.82","< 1 year","4000"
"2157",NA,"0","524","0.36","< 1 year","10000"
"2158",NA,"0","651","31.53","< 1 year","10000"
"2159",NA,"0","728","14.01","< 1 year","20000"
"2160","1","1","707","14.64","2 years","15000"
"2161",NA,"0","652","1.41","< 1 year","15000"
"2162",NA,"0","608","65.42","< 1 year","3000"
"2163",NA,"0","648","5.66","< 1 year","10000"
"2164",NA,"0","633","26.03","< 1 year","35000"
"2165",NA,"0","710","7.85","8 years","35000"
"2166",NA,"0","529","34.19","< 1 year","1000"
"2167","0","1","682","24.84","9 years","15000"
"2168","0","1","672","26.34","9 years","11000"
"2169",NA,"0","701","39.5","< 1 year","10000"
"2170",NA,"0","621","23.27","< 1 year","10000"
"2171",NA,"0","616","36.05","< 1 year","2000"
"2172",NA,"0","721","49.72","< 1 year","3000"
"2173",NA,"0","695","33.26","< 1 year","14975"
"2174",NA,"0","579","20.79","< 1 year","34000"
"2175",NA,"0","583","8.47","< 1 year","5000"
"2176",NA,"0","596","19.53","< 1 year","5000"
"2177",NA,"0","654","0.32","10+ years","14000"
"2178",NA,"0","600","35.83","< 1 year","1200"
"2179",NA,"0","598","45.23","< 1 year","1500"
"2180",NA,"0","665","34.42","< 1 year","10000"
"2181",NA,"0","675","10.19","< 1 year","10000"
"2182","0","1","672","8.43","6 years","10000"
"2183",NA,"0","681","23.57","< 1 year","10000"
"2184",NA,"0","628","43.02","< 1 year","5000"
"2185",NA,"0","690","20.96","1 year","1000"
"2186",NA,"0","626","24.53","< 1 year","35000"
"2187",NA,"0","672","7.5","< 1 year","20000"
"2188","0","1","672","2.91","10+ years","14000"
"2189",NA,"0","698","6.09","< 1 year","10000"
"2190",NA,"0","619","12.15","< 1 year","10000"
"2191",NA,"0","650","30.69","1 year","7200"
"2192",NA,"0","603","22.52","< 1 year","15000"
"2193",NA,"0","718","27.08","< 1 year","40000"
"2194",NA,"0","605","17.83","< 1 year","5000"
"2195",NA,"0","502","16.63","< 1 year","1000"
"2196",NA,"0","649","11.84","< 1 year","1500"
"2197",NA,"0","635","10.47","< 1 year","1500"
"2198",NA,"0","670","1.93","< 1 year","25000"
"2199","1","1","667","5.59","8 years","17475"
"2200",NA,"0","617","21.92","< 1 year","12000"
"2201",NA,"0","599","41.87","< 1 year","1000"
"2202",NA,"0","606","37","< 1 year","1000"
"2203",NA,"0","681","10.61","< 1 year","15000"
"2204",NA,"0","612","52.13","< 1 year","35000"
"2205",NA,"0","563","260.8","< 1 year","1000"
"2206",NA,"0","744","2.78","1 year","35000"
"2207",NA,"0","641","21.65","< 1 year","1000"
"2208",NA,"0","600","23.95","< 1 year","15000"
"2209",NA,"0","509","39.1","< 1 year","1500"
"2210",NA,"0","700","0.13","< 1 year","35000"
"2211",NA,"0","645","33.5","< 1 year","15000"
"2212",NA,"0","682","22.35","< 1 year","7000"
"2213",NA,"0","596","38.98","< 1 year","10100"
"2214",NA,"0","709","20.85","10+ years","15000"
"2215",NA,"0","576","17.45","< 1 year","1000"
"2216",NA,"0","524","21.79","10+ years","2500"
"2217",NA,"0","554","0.63","< 1 year","2000"
"2218",NA,"0","649","11.53","< 1 year","10000"
"2219",NA,"0","564","14.48","< 1 year","4000"
"2220",NA,"0","657","0","< 1 year","10000"
"2221",NA,"0","603","1.02","5 years","12000"
"2222",NA,"0","606","172.47","< 1 year","10000"
"2223",NA,"0","533","11.13","< 1 year","14975"
"2224",NA,"0","690","40.57","< 1 year","15000"
"2225","0","1","682","36.74","10+ years","8475"
"2226",NA,"0","672","669.76","< 1 year","35000"
"2227",NA,"0","656","43.73","< 1 year","5000"
"2228",NA,"0","662","13.07","< 1 year","7500"
"2229",NA,"0","552","228.53","< 1 year","5000"
"2230",NA,"0","643","100","< 1 year","10825"
"2231","0","1","672","12.24","8 years","7500"
"2232",NA,"0","612","13.76","< 1 year","10000"
"2233",NA,"0","630","55.31","< 1 year","8000"
"2234",NA,"0","662","9.5","< 1 year","5000"
"2235",NA,"0","634","100","< 1 year","1000"
"2236",NA,"0","527","32.99","< 1 year","10000"
"2237",NA,"0","626","37.91","< 1 year","10000"
"2238",NA,"0","647","13.31","< 1 year","5000"
"2239",NA,"0","582","17.47","< 1 year","40000"
"2240",NA,"0","631","22.39","< 1 year","10000"
"2241",NA,"0","613","74.92","< 1 year","5000"
"2242",NA,"0","555","57.14","< 1 year","35000"
"2243","0","1","667","5.57","10+ years","4625"
"2244",NA,"0","667","10.54","< 1 year","20000"
"2245",NA,"0","634","11.35","< 1 year","2000"
"2246",NA,"0","644","50.16","< 1 year","15000"
"2247",NA,"0","708","100","< 1 year","29075"
"2248",NA,"0","501","24.97","< 1 year","5000"
"2249",NA,"0","691","20.57","10+ years","35000"
"2250",NA,"0","661","28","< 1 year","5000"
"2251",NA,"0","597","0","< 1 year","1000"
"2252",NA,"0","663","10.09","< 1 year","12000"
"2253",NA,"0","559","0.68","< 1 year","1000"
"2254",NA,"0","668","29.23","1 year","15000"
"2255",NA,"0","659","11.22","< 1 year","10000"
"2256",NA,"0","524","4.84","< 1 year","2000"
"2257",NA,"0","638","25.66","< 1 year","20000"
"2258",NA,"0","605","371.5","< 1 year","1000"
"2259",NA,"0","623","33.88","< 1 year","4000"
"2260",NA,"0","592","100","< 1 year","8575"
"2261",NA,"0","639","0","< 1 year","3000"
"2262","0","1","802","7.7","9 years","20000"
"2263",NA,"0","600","21.4","< 1 year","32000"
"2264",NA,"0","630","12.47","< 1 year","3000"
"2265",NA,"0","639","18.96","< 1 year","3000"
"2266",NA,"0","677","37.1","< 1 year","25000"
"2267",NA,"0","707","24.37","< 1 year","2000"
"2268",NA,"0","705","25.09","< 1 year","7500"
"2269","0","1","677","18.62","7 years","35000"
"2270",NA,"0","609","25.8","< 1 year","20000"
"2271",NA,"0","650","29.92","9 years","35000"
"2272",NA,"0","689","15.06","5 years","10000"
"2273",NA,"0","634","83.06","< 1 year","5000"
"2274","0","1","692","14.15","8 years","11500"
"2275",NA,"0","690","16.93","< 1 year","7500"
"2276",NA,"0","672","27.78","< 1 year","10000"
"2277",NA,"0","657","0.37","< 1 year","1200"
"2278",NA,"0","562","100","< 1 year","1000"
"2279",NA,"0","739","59.3","< 1 year","13000"
"2280",NA,"0","546","2211.43","< 1 year","1500"
"2281",NA,"0","689","37.91","< 1 year","30000"
"2282",NA,"0","650","2.5","< 1 year","2500"
"2283",NA,"0","677","27.76","< 1 year","15000"
"2284",NA,"0","537","7.54","< 1 year","15000"
"2285",NA,"0","648","0.53","< 1 year","5000"
"2286",NA,"0","572","0.93","1 year","2500"
"2287",NA,"0","530","13.25","< 1 year","5000"
"2288","0","1","692","21.41","4 years","30000"
"2289",NA,"0","772","8.6","< 1 year","15000"
"2290","1","1","662","27.86","10+ years","10000"
"2291",NA,"0","569","0.77","< 1 year","5000"
"2292",NA,"0","614","10.08","< 1 year","10000"
"2293",NA,"0","604","21.1","< 1 year","25000"
"2294",NA,"0","478","0","< 1 year","2000"
"2295",NA,"0","707","39.57","< 1 year","30000"
"2296",NA,"0","611","85.01","< 1 year","5000"
"2297",NA,"0","493","0.64","< 1 year","1000"
"2298",NA,"0","712","100","< 1 year","1000"
"2299",NA,"0","684","24","< 1 year","10000"
"2300",NA,"0","670","3.34","< 1 year","35000"
"2301",NA,"0","669","24.17","< 1 year","3000"
"2302",NA,"0","724","14.91","< 1 year","4000"
"2303",NA,"0","685","13.55","10+ years","10000"
"2304",NA,"0","657","13.81","< 1 year","15000"
"2305",NA,"0","740","41.19","< 1 year","15000"
"2306",NA,"0","621","16.24","5 years","15000"
"2307",NA,"0","651","19.85","< 1 year","25000"
"2308",NA,"0","587","25.6","< 1 year","5000"
"2309",NA,"0","798","2.32","< 1 year","35000"
"2310",NA,"0","608","47.88","< 1 year","5000"
"2311",NA,"0","623","0.9","< 1 year","10000"
"2312","0","1","677","15.46","< 1 year","35000"
"2313",NA,"0","543","22.45","< 1 year","4000"
"2314","0","1","702","21.06","2 years","30000"
"2315",NA,"0","678","24.07","< 1 year","40000"
"2316",NA,"0","501","11.76","< 1 year","1000"
"2317","0","1","727","18.88","2 years","16000"
"2318",NA,"0","562","30.69","< 1 year","20000"
"2319",NA,"0","657","17.04","< 1 year","15000"
"2320",NA,"0","738","5.42","< 1 year","1500"
"2321",NA,"0","501","244.71","< 1 year","1400"
"2322",NA,"0","576","0.08","< 1 year","6000"
"2323",NA,"0","617","14.03","< 1 year","1000"
"2324",NA,"0","598","27.81","< 1 year","20000"
"2325","0","1","692","9.03","10+ years","5375"
"2326",NA,"0","566","41.79","< 1 year","3000"
"2327",NA,"0","559","130","< 1 year","5000"
"2328",NA,"0","631","3.45","< 1 year","4000"
"2329",NA,"0","701","2.79","< 1 year","5000"
"2330",NA,"0","682","37.72","< 1 year","10000"
"2331",NA,"0","674","42.2","< 1 year","3000"
"2332",NA,"0","631","15.27","< 1 year","3500"
"2333",NA,"0","727","60.56","< 1 year","35000"
"2334",NA,"0","664","16.32","< 1 year","3200"
"2335","1","1","702","25.81","7 years","25000"
"2336",NA,"0","593","10.6","< 1 year","2000"
"2337",NA,"0","731","19766.67","< 1 year","25000"
"2338",NA,"0","691","19.36","5 years","22000"
"2339",NA,"0","629","13.98","< 1 year","2500"
"2340",NA,"0","558","5.54","< 1 year","3500"
"2341",NA,"0","593","53.12","< 1 year","3000"
"2342",NA,"0","620","11.17","< 1 year","6000"
"2343",NA,"0","702","39.12","10+ years","20000"
"2344",NA,"0","603","12.73","< 1 year","1500"
"2345",NA,"0","576","0.48","5 years","1000"
"2346",NA,"0","608","42.49","< 1 year","4000"
"2347","1","1","677","11.48","2 years","25000"
"2348",NA,"0","639","20.42","< 1 year","1000"
"2349",NA,"0","641","34.48","< 1 year","10000"
"2350","0","1","702","7.48","10+ years","4000"
"2351","0","1","697","25.29","10+ years","22000"
"2352",NA,"0","517","5.56","< 1 year","10000"
"2353",NA,"0","652","84.52","< 1 year","20000"
"2354","0","1","682","11.97","10+ years","21000"
"2355","0","1","707","21.48","10+ years","10000"
"2356",NA,"0","649","46.96","< 1 year","15000"
"2357",NA,"0","655","37.13","< 1 year","15000"
"2358",NA,"0","542","0","< 1 year","7500"
"2359",NA,"0","682","53","< 1 year","30000"
"2360",NA,"0","689","32.45","< 1 year","35000"
"2361",NA,"0","736","32.69","< 1 year","40000"
"2362",NA,"0","639","2.01","< 1 year","5000"
"2363",NA,"0","586","31.44","< 1 year","40000"
"2364",NA,"0","831","51.77","< 1 year","5000"
"2365",NA,"0","646","28.36","< 1 year","4000"
"2366",NA,"0","591","27.56","< 1 year","15000"
"2367",NA,"0","738","31.42","< 1 year","25000"
"2368",NA,"0","563","45.56","< 1 year","10000"
"2369",NA,"0","622","26.06","< 1 year","12000"
"2370","0","1","762","8.15","2 years","35000"
"2371",NA,"0","757","18.8","< 1 year","25000"
"2372",NA,"0","649","9.02","< 1 year","5000"
"2373",NA,"0","611","28.95","< 1 year","1500"
"2374",NA,"0","501","11.72","< 1 year","5000"
"2375",NA,"0","696","29.84","< 1 year","30000"
"2376",NA,"0","679","24.8","< 1 year","20000"
"2377",NA,"0","700","20.52","5 years","15000"
"2378",NA,"0","660","15.78","< 1 year","20000"
"2379",NA,"0","649","76.05","< 1 year","35000"
"2380",NA,"0","659","21.5","< 1 year","6000"
"2381",NA,"0","663","161.2","< 1 year","24000"
"2382","1","1","677","22.73","10+ years","12950"
"2383",NA,"0","628","15.22","< 1 year","17800"
"2384",NA,"0","612","1.92","< 1 year","8000"
"2385",NA,"0","634","16.02","< 1 year","20000"
"2386",NA,"0","669","18.94","< 1 year","35000"
"2387","0","1","702","24.12","10+ years","7200"
"2388",NA,"0","725","25.44","< 1 year","5000"
"2389",NA,"0","639","16.1","< 1 year","12000"
"2390",NA,"0","624","31.81","< 1 year","6000"
"2391",NA,"0","619","22.96","< 1 year","13000"
"2392",NA,"0","668","53.64","< 1 year","8000"
"2393",NA,"0","508","4.56","< 1 year","3000"
"2394",NA,"0","613","23.18","< 1 year","2000"
"2395",NA,"0","626","15.98","< 1 year","10000"
"2396",NA,"0","577","3.11","< 1 year","10000"
"2397",NA,"0","508","279.73","< 1 year","30000"
"2398",NA,"0","602","193.6","< 1 year","1000"
"2399","0","1","752","35.81","10+ years","14000"
"2400",NA,"0","635","15.57","< 1 year","2900"
"2401",NA,"0","688","28.75","4 years","15000"
"2402",NA,"0","562","22.61","< 1 year","5000"
"2403",NA,"0","594","16.01","< 1 year","2000"
"2404",NA,"0","665","29.28","< 1 year","10000"
"2405",NA,"0","651","22.83","< 1 year","8000"
"2406","0","1","742","15.12","10+ years","8000"
"2407",NA,"0","686","35.92","< 1 year","15000"
"2408","0","1","697","15.65","3 years","12325"
"2409",NA,"0","622","27.75","< 1 year","35000"
"2410",NA,"0","604","6.52","< 1 year","10000"
"2411",NA,"0","788","30.15","< 1 year","35000"
"2412",NA,"0","722","2.35","< 1 year","3000"
"2413",NA,"0","637","67.6","< 1 year","35000"
"2414",NA,"0","644","31.04","< 1 year","2000"
"2415",NA,"0","517","14.29","10+ years","1500"
"2416",NA,"0","603","569.56","< 1 year","20000"
"2417",NA,"0","577","27.22","< 1 year","20000"
"2418",NA,"0","710","32.54","< 1 year","25000"
"2419",NA,"0","615","50.16","< 1 year","10000"
"2420","0","1","757","7.32","4 years","4000"
"2421",NA,"0","607","36.39","< 1 year","1500"
"2422","0","1","682","34.83","5 years","5000"
"2423",NA,"0","600","9.09","< 1 year","4000"
"2424",NA,"0","623","25","< 1 year","6000"
"2425",NA,"0","517","5.65","< 1 year","25000"
"2426",NA,"0","487","1.77","< 1 year","10000"
"2427","0","1","727","3.8","2 years","14500"
"2428",NA,"0","568","18.88","< 1 year","10000"
"2429",NA,"0","630","15.72","< 1 year","9000"
"2430",NA,"0","551","5.07","< 1 year","10000"
"2431",NA,"0","658","29.44","< 1 year","40000"
"2432","0","1","767","13.57","10+ years","17000"
"2433",NA,"0","709","42.7","< 1 year","15000"
"2434",NA,"0","599","44.92","< 1 year","3000"
"2435",NA,"0","708","37.81","< 1 year","10000"
"2436",NA,"0","681","30","< 1 year","18000"
"2437",NA,"0","720","23.15","< 1 year","15000"
"2438","0","1","692","8.39","10+ years","25000"
"2439",NA,"0","659","48.14","< 1 year","5000"
"2440",NA,"0","572","46.35","< 1 year","5000"
"2441",NA,"0","611","0","< 1 year","1000"
"2442",NA,"0","707","2.6","< 1 year","10000"
"2443",NA,"0","593","2.02","< 1 year","10000"
"2444",NA,"0","661","21.33","< 1 year","1000"
"2445",NA,"0","572","3.7","< 1 year","35000"
"2446",NA,"0","658","0","< 1 year","20000"
"2447","1","1","672","13.72","2 years","12000"
"2448",NA,"0","522","1.06","< 1 year","1000"
"2449",NA,"0","593","22.35","< 1 year","25000"
"2450",NA,"0","629","16.96","< 1 year","40000"
"2451",NA,"0","517","36.28","< 1 year","1000"
"2452",NA,"0","555","41.52","< 1 year","1000"
"2453",NA,"0","670","443.3","< 1 year","5000"
"2454",NA,"0","655","14.8","< 1 year","3000"
"2455",NA,"0","833","356.89","< 1 year","15000"
"2456",NA,"0","646","17.57","< 1 year","12000"
"2457",NA,"0","701","18.53","< 1 year","15000"
"2458",NA,"0","632","42.26","< 1 year","25000"
"2459",NA,"0","617","14.3","< 1 year","10000"
"2460",NA,"0","528","21.05","< 1 year","1000"
"2461",NA,"0","611","28.4","< 1 year","10000"
"2462",NA,"0","748","51.72","< 1 year","35000"
"2463",NA,"0","684","3.03","< 1 year","5000"
"2464","0","1","792","18.23","1 year","25000"
"2465",NA,"0","701","27.04","5 years","25000"
"2466",NA,"0","647","47.75","< 1 year","35000"
"2467",NA,"0","645","67.96","< 1 year","40000"
"2468",NA,"0","589","34.52","< 1 year","10000"
"2469",NA,"0","674","44.44","< 1 year","8000"
"2470",NA,"0","672","0.39","< 1 year","2000"
"2471",NA,"0","582","66","< 1 year","9000"
"2472",NA,"0","619","22.12","< 1 year","3000"
"2473",NA,"0","682","36.96","< 1 year","1000"
"2474","0","1","682","19.36","10+ years","25000"
"2475",NA,"0","656","14.72","< 1 year","6000"
"2476",NA,"0","685","29.79","< 1 year","10000"
"2477",NA,"0","616","7.12","< 1 year","25000"
"2478",NA,"0","607","17.68","< 1 year","30000"
"2479",NA,"0","562","100","< 1 year","15100"
"2480","0","1","672","18.71","2 years","12000"
"2481",NA,"0","705","5.21","10+ years","35000"
"2482",NA,"0","673","27.7","< 1 year","8550"
"2483",NA,"0","729","1","< 1 year","2000"
"2484",NA,"0","692","37.67","< 1 year","7500"
"2485",NA,"0","602","38.15","< 1 year","10000"
"2486",NA,"0","644","19.15","1 year","7500"
"2487",NA,"0","634","1.58","< 1 year","5000"
"2488",NA,"0","676","12.7","7 years","3500"
"2489",NA,"0","693","31.83","< 1 year","25100"
"2490",NA,"0","501","14.92","2 years","7000"
"2491",NA,"0","670","23.43","< 1 year","6000"
"2492",NA,"0","776","33.67","< 1 year","8000"
"2493",NA,"0","608","14.01","< 1 year","25000"
"2494","1","1","672","22.78","7 years","25000"
"2495",NA,"0","583","25.17","< 1 year","7000"
"2496","0","1","732","3.96","10+ years","35000"
"2497",NA,"0","646","25.53","< 1 year","15000"
"2498",NA,"0","704","6.6","< 1 year","20000"
"2499",NA,"0","511","21.68","< 1 year","5000"
"2500",NA,"0","652","14.05","< 1 year","10000"
"2501",NA,"0","412","300.71","< 1 year","20000"
"2502",NA,"0","711","83.73","< 1 year","35000"
"2503","0","1","682","32.59","10+ years","10000"
"2504",NA,"0","671","43.58","< 1 year","25000"
"2505",NA,"0","605","5.76","< 1 year","15000"
"2506",NA,"0","557","0","< 1 year","5000"
"2507",NA,"0","524","18.93","< 1 year","15000"
"2508",NA,"0","607","8.6","< 1 year","10000"
"2509",NA,"0","611","29.2","< 1 year","15000"
"2510",NA,"0","649","19.1","< 1 year","10000"
"2511",NA,"0","571","31.88","< 1 year","15000"
"2512",NA,"0","571","15.29","< 1 year","40000"
"2513",NA,"0","546","22.14","< 1 year","7000"
"2514",NA,"0","679","39.32","< 1 year","35000"
"2515","0","1","702","31.39","10+ years","9500"
"2516",NA,"0","665","42.11","< 1 year","15000"
"2517",NA,"0","596","0","< 1 year","1000"
"2518",NA,"0","711","57.36","< 1 year","30000"
"2519",NA,"0","625","219.5","< 1 year","6000"
"2520",NA,"0","569","26.64","< 1 year","3500"
"2521","0","1","692","4.68","2 years","24000"
"2522",NA,"0","667","23.76","< 1 year","10000"
"2523",NA,"0","665","40.45","< 1 year","35000"
"2524","0","1","687","11.42","10+ years","1000"
"2525",NA,"0","581","37.05","< 1 year","4000"
"2526",NA,"0","713","35.73","< 1 year","28000"
"2527",NA,"0","554","40.44","< 1 year","12000"
"2528","1","1","667","17.35","1 year","12000"
"2529","0","1","662","17.08","< 1 year","19200"
"2530",NA,"0","649","24.04","< 1 year","20000"
"2531",NA,"0","778","2.38","< 1 year","26000"
"2532",NA,"0","569","28.28","< 1 year","6000"
"2533",NA,"0","634","1.48","< 1 year","5000"
"2534",NA,"0","609","100","< 1 year","28150"
"2535",NA,"0","629","30.04","10+ years","10000"
"2536",NA,"0","663","13.58","5 years","25000"
"2537",NA,"0","668","12.05","< 1 year","10000"
"2538",NA,"0","618","11.31","< 1 year","10000"
"2539",NA,"0","654","110.79","< 1 year","40000"
"2540",NA,"0","716","46.47","< 1 year","35000"
"2541",NA,"0","667","16","< 1 year","30000"
"2542",NA,"0","726","20.31","< 1 year","1000"
"2543",NA,"0","683","32.31","< 1 year","8000"
"2544",NA,"0","673","569.91","< 1 year","14000"
"2545",NA,"0","684","26.29","< 1 year","10000"
"2546",NA,"0","658","38.94","< 1 year","20000"
"2547",NA,"0","657","19.98","< 1 year","1300"
"2548",NA,"0","743","4.73","5 years","5000"
"2549",NA,"0","565","13.93","< 1 year","4000"
"2550",NA,"0","647","47.83","< 1 year","30000"
"2551",NA,"0","469","0.53","< 1 year","5500"
"2552",NA,"0","534","0","< 1 year","5000"
"2553",NA,"0","596","13.93","< 1 year","24500"
"2554",NA,"0","501","23.88","< 1 year","2500"
"2555","0","1","712","25.1","4 years","15000"
"2556",NA,"0","559","0","< 1 year","1000"
"2557",NA,"0","579","19.53","< 1 year","8000"
"2558",NA,"0","580","62.84","< 1 year","5000"
"2559",NA,"0","712","1.44","< 1 year","30000"
"2560","0","1","672","11.29","10+ years","10000"
"2561",NA,"0","647","38.08","< 1 year","15000"
"2562",NA,"0","645","12.29","< 1 year","2500"
"2563",NA,"0","569","12.25","< 1 year","5000"
"2564",NA,"0","663","47.51","< 1 year","20000"
"2565",NA,"0","666","2.98","10+ years","30000"
"2566",NA,"0","639","2.64","< 1 year","25000"
"2567",NA,"0","508","20.27","< 1 year","1000"
"2568",NA,"0","563","9.25","< 1 year","24000"
"2569",NA,"0","560","20.48","< 1 year","5000"
"2570",NA,"0","644","57.8","< 1 year","25000"
"2571",NA,"0","633","33.86","< 1 year","6500"
"2572","1","1","687","27.64","7 years","8000"
"2573",NA,"0","641","30.97","3 years","16500"
"2574",NA,"0","643","53.22","< 1 year","20000"
"2575",NA,"0","652","11.57","1 year","5300"
"2576",NA,"0","690","38.2","10+ years","10000"
"2577",NA,"0","464","5.2","< 1 year","1000"
"2578",NA,"0","629","18.19","< 1 year","10000"
"2579",NA,"0","510","24.98","< 1 year","9000"
"2580",NA,"0","665","39.41","< 1 year","6500"
"2581","0","1","687","19.02","5 years","12600"
"2582",NA,"0","758","11.4","10+ years","35000"
"2583",NA,"0","639","444.17","< 1 year","5000"
"2584",NA,"0","590","11.56","< 1 year","2000"
"2585",NA,"0","734","1.6","< 1 year","6000"
"2586",NA,"0","678","40.66","< 1 year","15000"
"2587","1","1","697","13.87","< 1 year","6050"
"2588",NA,"0","515","54.68","< 1 year","3500"
"2589",NA,"0","722","41.85","< 1 year","4000"
"2590",NA,"0","501","27.15","< 1 year","9000"
"2591",NA,"0","639","21.75","< 1 year","35000"
"2592",NA,"0","682","71.66","< 1 year","40000"
"2593",NA,"0","575","19.06","< 1 year","3000"
"2594",NA,"0","572","32.64","< 1 year","5000"
"2595",NA,"0","715","14.55","< 1 year","10000"
"2596","1","1","672","32.74","10+ years","35000"
"2597",NA,"0","707","11.49","5 years","35000"
"2598","0","1","662","12.39","4 years","8750"
"2599","0","1","662","3.54","10+ years","15000"
"2600","0","1","687","23.53","10+ years","25000"
"2601",NA,"0","525","174.96","< 1 year","5000"
"2602",NA,"0","648","69.28","< 1 year","35000"
"2603",NA,"0","687","13.59","1 year","10000"
"2604",NA,"0","636","0.16","< 1 year","4000"
"2605",NA,"0","602","34.37","< 1 year","5000"
"2606",NA,"0","527","32.94","< 1 year","4000"
"2607","0","1","687","10.53","9 years","7000"
"2608",NA,"0","573","2.29","< 1 year","25000"
"2609",NA,"0","628","13.14","9 years","15000"
"2610",NA,"0","529","38.07","< 1 year","1000"
"2611",NA,"0","665","71.11","< 1 year","15000"
"2612",NA,"0","656","10.11","< 1 year","20000"
"2613",NA,"0","615","23.99","< 1 year","10000"
"2614","0","1","707","37.78","10+ years","18950"
"2615",NA,"0","636","18.98","< 1 year","10000"
"2616",NA,"0","699","33.93","< 1 year","30000"
"2617",NA,"0","584","24.15","8 years","3000"
"2618","1","1","772","18.84","8 years","10000"
"2619",NA,"0","587","71.23","< 1 year","5000"
"2620",NA,"0","675","23.19","< 1 year","2000"
"2621",NA,"0","644","34.76","< 1 year","17000"
"2622",NA,"0","573","20.01","< 1 year","15000"
"2623",NA,"0","648","42.5","< 1 year","4200"
"2624",NA,"0","501","15.42","< 1 year","1000"
"2625",NA,"0","640","34.69","< 1 year","20000"
"2626",NA,"0","727","40.63","< 1 year","25000"
"2627",NA,"0","574","7.17","< 1 year","9000"
"2628",NA,"0","629","26.7","< 1 year","20000"
"2629",NA,"0","637","7.71","< 1 year","20000"
"2630",NA,"0","683","15.73","< 1 year","6000"
"2631",NA,"0","658","23.47","< 1 year","5000"
"2632",NA,"0","655","41.4","< 1 year","34000"
"2633",NA,"0","518","13.59","< 1 year","35000"
"2634",NA,"0","626","34.27","< 1 year","3500"
"2635","0","1","667","27.57","10+ years","12500"
"2636",NA,"0","576","0.4","5 years","10000"
"2637",NA,"0","528","10.1","< 1 year","2000"
"2638","0","1","682","16.08","10+ years","5250"
"2639","0","1","702","17.06","10+ years","4300"
"2640",NA,"0","571","57.58","< 1 year","1000"
"2641",NA,"0","652","43.24","< 1 year","7000"
"2642",NA,"0","537","10.49","< 1 year","1500"
"2643",NA,"0","593","27.75","< 1 year","10000"
"2644",NA,"0","622","39.95","< 1 year","7000"
"2645",NA,"0","633","25.4","< 1 year","10000"
"2646",NA,"0","506","107.52","< 1 year","1000"
"2647",NA,"0","501","1.2","< 1 year","1000"
"2648",NA,"0","620","92.05","< 1 year","10000"
"2649","0","1","667","11.35","5 years","10000"
"2650","1","1","687","31.65","10+ years","4800"
"2651","0","1","667","16.74","10+ years","30000"
"2652",NA,"0","566","7.83","< 1 year","30000"
"2653",NA,"0","644","15.68","< 1 year","10000"
"2654",NA,"0","689","0","< 1 year","10900"
"2655",NA,"0","703","111.97","< 1 year","21000"
"2656",NA,"0","604","7.81","< 1 year","20000"
"2657",NA,"0","624","20.06","< 1 year","10000"
"2658",NA,"0","622","13.99","< 1 year","20000"
"2659",NA,"0","629","30.8","< 1 year","1500"
"2660",NA,"0","662","21.81","< 1 year","10000"
"2661",NA,"0","592","61.53","< 1 year","20000"
"2662",NA,"0","619","11.59","< 1 year","6000"
"2663",NA,"0","674","16.33","< 1 year","20000"
"2664","0","1","712","8.87","4 years","6000"
"2665",NA,"0","616","36.48","< 1 year","7000"
"2666",NA,"0","733","13.98","< 1 year","20000"
"2667",NA,"0","718","12.26","< 1 year","40000"
"2668",NA,"0","580","4.53","< 1 year","10000"
"2669",NA,"0","618","60.39","< 1 year","25000"
"2670",NA,"0","624","84.19","< 1 year","10000"
"2671",NA,"0","675","31.08","10+ years","10500"
"2672",NA,"0","616","15.6","3 years","20000"
"2673",NA,"0","606","29.86","< 1 year","20000"
"2674",NA,"0","665","42.84","< 1 year","10000"
"2675",NA,"0","658","63.34","< 1 year","6000"
"2676",NA,"0","795","10.9","10+ years","2500"
"2677",NA,"0","654","8.73","< 1 year","10000"
"2678",NA,"0","657","63.6","< 1 year","25000"
"2679",NA,"0","670","1.37","5 years","2000"
"2680",NA,"0","723","26.59","10+ years","5000"
"2681",NA,"0","552","23.38","< 1 year","25000"
"2682",NA,"0","573","20.29","10+ years","1500"
"2683",NA,"0","591","67.42","< 1 year","12000"
"2684",NA,"0","653","23.96","< 1 year","25000"
"2685","0","1","702","25.23","< 1 year","7050"
"2686",NA,"0","780","24.19","< 1 year","25000"
"2687",NA,"0","687","42.47","< 1 year","3000"
"2688",NA,"0","599","36.72","< 1 year","30000"
"2689",NA,"0","657","24.62","< 1 year","3000"
"2690",NA,"0","696","53.15","< 1 year","11000"
"2691",NA,"0","599","9999","< 1 year","15000"
"2692",NA,"0","491","12.59","< 1 year","7500"
"2693",NA,"0","598","9.47","< 1 year","10000"
"2694","0","1","682","14.12","2 years","21000"
"2695","0","1","707","12.38","7 years","10000"
"2696",NA,"0","700","17.12","< 1 year","25000"
"2697",NA,"0","687","14.74","< 1 year","8000"
"2698",NA,"0","596","6.66","< 1 year","4000"
"2699",NA,"0","680","40","< 1 year","15000"
"2700",NA,"0","593","36.85","< 1 year","2000"
"2701",NA,"0","601","41.23","< 1 year","30000"
"2702",NA,"0","677","21.99","< 1 year","20000"
"2703",NA,"0","732","41.52","< 1 year","2500"
"2704",NA,"0","636","52.06","< 1 year","20000"
"2705","0","1","697","22.5","10+ years","18000"
"2706",NA,"0","800","53.81","< 1 year","25000"
"2707",NA,"0","628","48.74","< 1 year","5000"
"2708",NA,"0","707","7.26","1 year","20000"
"2709",NA,"0","508","19.94","< 1 year","2000"
"2710",NA,"0","730","77.69","< 1 year","10000"
"2711",NA,"0","719","39.34","< 1 year","25000"
"2712",NA,"0","673","87","< 1 year","10000"
"2713","1","1","702","18.94","< 1 year","20250"
"2714","0","1","687","21.17","3 years","14800"
"2715",NA,"0","653","13.23","< 1 year","15000"
"2716","0","1","682","18.7","10+ years","4800"
"2717",NA,"0","525","17.38","< 1 year","1500"
"2718",NA,"0","704","40.41","< 1 year","10000"
"2719",NA,"0","501","23.24","< 1 year","15000"
"2720",NA,"0","691","19.88","< 1 year","8000"
"2721",NA,"0","687","22.97","< 1 year","15000"
"2722",NA,"0","696","17.28","3 years","11500"
"2723",NA,"0","550","191.35","< 1 year","1000"
"2724",NA,"0","620","3.36","< 1 year","8000"
"2725",NA,"0","621","60.53","< 1 year","30000"
"2726",NA,"0","779","40.2","< 1 year","5000"
"2727",NA,"0","627","15.7","10+ years","20000"
"2728","0","1","667","28.93","4 years","9600"
"2729",NA,"0","750","25.72","< 1 year","20000"
"2730",NA,"0","591","24.91","< 1 year","5000"
"2731","0","1","757","15.45","5 years","21000"
"2732",NA,"0","730","36.77","< 1 year","8000"
"2733",NA,"0","727","22.19","< 1 year","25000"
"2734",NA,"0","698","24.02","< 1 year","15000"
"2735",NA,"0","630","29.69","< 1 year","7000"
"2736",NA,"0","491","9.57","< 1 year","20000"
"2737",NA,"0","594","15.38","< 1 year","9000"
"2738",NA,"0","682","15.43","3 years","3500"
"2739",NA,"0","641","62.35","< 1 year","10000"
"2740",NA,"0","622","20.28","< 1 year","10000"
"2741",NA,"0","553","21.47","< 1 year","1000"
"2742",NA,"0","622","18.02","< 1 year","20000"
"2743",NA,"0","714","45.8","< 1 year","5000"
"2744",NA,"0","633","56.97","< 1 year","35000"
"2745",NA,"0","501","16.09","10+ years","1500"
"2746","0","1","757","22.59","5 years","21000"
"2747",NA,"0","664","8.91","< 1 year","10000"
"2748","0","1","747","24.59","10+ years","26625"
"2749",NA,"0","557","22.47","< 1 year","5000"
"2750",NA,"0","673","12.72","< 1 year","5000"
"2751",NA,"0","501","14.79","< 1 year","1000"
"2752",NA,"0","760","26.04","8 years","6500"
"2753","0","1","742","19.67","3 years","6000"
"2754",NA,"0","631","30.07","< 1 year","26500"
"2755",NA,"0","529","0","< 1 year","2000"
"2756",NA,"0","654","23.51","< 1 year","15000"
"2757",NA,"0","669","28.96","< 1 year","30000"
"2758",NA,"0","531","1.4","< 1 year","2000"
"2759",NA,"0","656","20.69","< 1 year","4000"
"2760",NA,"0","621","34.39","< 1 year","7000"
"2761",NA,"0","552","0.56","< 1 year","2000"
"2762",NA,"0","575","12.03","< 1 year","1000"
"2763",NA,"0","683","31.36","< 1 year","12000"
"2764",NA,"0","659","45.4","< 1 year","5000"
"2765",NA,"0","503","23.34","< 1 year","3000"
"2766",NA,"0","645","57.75","< 1 year","10000"
"2767",NA,"0","763","42.13","< 1 year","16000"
"2768",NA,"0","661","2.01","< 1 year","9000"
"2769",NA,"0","629","25.76","< 1 year","13000"
"2770",NA,"0","662","33.64","< 1 year","25000"
"2771",NA,"0","669","17.76","< 1 year","20000"
"2772",NA,"0","649","54.76","< 1 year","10000"
"2773",NA,"0","650","5.92","< 1 year","30000"
"2774",NA,"0","718","2.84","10+ years","35000"
"2775",NA,"0","591","0","1 year","5000"
"2776",NA,"0","511","19.34","< 1 year","7500"
"2777",NA,"0","508","19.69","< 1 year","15000"
"2778",NA,"0","580","17.34","< 1 year","10000"
"2779",NA,"0","617","35.7","< 1 year","30000"
"2780",NA,"0","540","31.39","< 1 year","3000"
"2781",NA,"0","730","39.38","< 1 year","10000"
"2782",NA,"0","662","15.85","< 1 year","35000"
"2783",NA,"0","545","3","< 1 year","8000"
"2784",NA,"0","706","9999","< 1 year","38000"
"2785",NA,"0","623","60.96","< 1 year","4000"
"2786",NA,"0","573","5.28","< 1 year","4000"
"2787",NA,"0","604","3.16","< 1 year","4500"
"2788",NA,"0","656","31.1","< 1 year","15000"
"2789",NA,"0","583","1.31","< 1 year","6000"
"2790","0","1","677","16.24","< 1 year","20000"
"2791","1","1","677","28.05","4 years","16000"
"2792","0","1","692","14.62","< 1 year","12000"
"2793","0","1","677","8.08","10+ years","25200"
"2794",NA,"0","588","49.97","< 1 year","1200"
"2795",NA,"0","643","7.55","< 1 year","17000"
"2796",NA,"0","645","16.76","< 1 year","15000"
"2797",NA,"0","753","51.69","< 1 year","20000"
"2798",NA,"0","590","13.13","< 1 year","24000"
"2799",NA,"0","677","174.47","< 1 year","7950"
"2800",NA,"0","640","28.06","< 1 year","1000"
"2801","1","1","742","22.72","2 years","20000"
"2802",NA,"0","611","0","5 years","3000"
"2803","0","1","702","17.73","2 years","20400"
"2804",NA,"0","735","2.68","< 1 year","10000"
"2805","1","1","667","15.73","4 years","6000"
"2806",NA,"0","604","12.72","< 1 year","8000"
"2807",NA,"0","633","33.97","< 1 year","2000"
"2808",NA,"0","636","83.86","< 1 year","10000"
"2809",NA,"0","545","6.49","< 1 year","2500"
"2810",NA,"0","601","4.25","< 1 year","15000"
"2811",NA,"0","642","19.96","< 1 year","10000"
"2812",NA,"0","501","36.18","< 1 year","5000"
"2813",NA,"0","741","100","< 1 year","29700"
"2814",NA,"0","630","22.51","< 1 year","10000"
"2815",NA,"0","628","9.9","< 1 year","25000"
"2816",NA,"0","524","1.47","< 1 year","2000"
"2817",NA,"0","640","0.87","< 1 year","1500"
"2818",NA,"0","517","6.33","< 1 year","4000"
"2819","0","1","697","7.08","9 years","6000"
"2820",NA,"0","634","42.29","< 1 year","5000"
"2821",NA,"0","574","29.04","< 1 year","5000"
"2822",NA,"0","501","8.42","< 1 year","10000"
"2823","0","1","682","33.41","10+ years","9000"
"2824",NA,"0","649","19.96","6 years","12000"
"2825",NA,"0","706","25.74","< 1 year","6000"
"2826",NA,"0","624","39.32","< 1 year","3000"
"2827",NA,"0","619","19.57","5 years","25000"
"2828","0","1","712","28.68","8 years","10525"
"2829",NA,"0","594","20.77","< 1 year","1000"
"2830",NA,"0","684","13.1","< 1 year","35000"
"2831",NA,"0","657","41.82","< 1 year","35000"
"2832",NA,"0","645","30.9","< 1 year","15000"
"2833",NA,"0","676","13.46","< 1 year","20000"
"2834",NA,"0","594","14.48","< 1 year","30000"
"2835",NA,"0","597","21.58","< 1 year","15000"
"2836",NA,"0","654","31.27","< 1 year","15000"
"2837",NA,"0","710","42.35","< 1 year","40000"
"2838","0","1","722","10.8","3 years","16075"
"2839",NA,"0","514","0","< 1 year","1500"
"2840",NA,"0","714","18.12","< 1 year","20000"
"2841",NA,"0","494","27.09","< 1 year","1500"
"2842",NA,"0","610","23.86","< 1 year","8000"
"2843","0","1","677","6.54","2 years","30000"
"2844",NA,"0","628","58.6","< 1 year","17000"
"2845",NA,"0","632","40.59","< 1 year","40000"
"2846",NA,"0","559","26.48","< 1 year","10000"
"2847",NA,"0","637","34.66","< 1 year","20000"
"2848",NA,"0","578","4.29","< 1 year","1000"
"2849",NA,"0","585","2.57","< 1 year","5000"
"2850",NA,"0","691","21.93","< 1 year","25000"
"2851",NA,"0","565","9.67","< 1 year","5000"
"2852",NA,"0","644","51.2","< 1 year","5000"
"2853",NA,"0","810","14.37","< 1 year","6000"
"2854",NA,"0","657","18.06","< 1 year","15000"
"2855",NA,"0","603","10.5","8 years","35000"
"2856",NA,"0","606","17.1","< 1 year","10000"
"2857","0","1","752","14.93","6 years","34525"
"2858",NA,"0","673","0.6","< 1 year","4000"
"2859",NA,"0","594","368.8","< 1 year","1500"
"2860",NA,"0","655","10.42","2 years","20000"
"2861",NA,"0","635","38.9","< 1 year","10000"
"2862",NA,"0","671","62.67","< 1 year","40000"
"2863",NA,"0","669","16.21","< 1 year","4000"
"2864",NA,"0","647","34.66","< 1 year","10000"
"2865","0","1","672","5.57","10+ years","15400"
"2866",NA,"0","594","13.3","< 1 year","2300"
"2867",NA,"0","652","21.86","< 1 year","20000"
"2868",NA,"0","647","57.94","< 1 year","20000"
"2869","0","1","672","16.78","10+ years","35000"
"2870",NA,"0","614","0.44","< 1 year","3000"
"2871","0","1","737","7.82","1 year","15000"
"2872","0","1","677","17.01","1 year","16800"
"2873",NA,"0","618","22.78","< 1 year","12000"
"2874","0","1","742","15.04","2 years","3000"
"2875",NA,"0","576","0","< 1 year","1000"
"2876",NA,"0","567","11.89","< 1 year","1000"
"2877","1","1","662","13.8","10+ years","9000"
"2878",NA,"0","544","31.59","< 1 year","7500"
"2879",NA,"0","658","8.39","10+ years","10000"
"2880",NA,"0","664","33.53","< 1 year","40000"
"2881",NA,"0","601","47.49","< 1 year","13000"
"2882",NA,"0","624","4.67","1 year","1000"
"2883","1","1","667","26.97","2 years","15000"
"2884",NA,"0","632","0.97","< 1 year","12000"
"2885",NA,"0","755","12.98","10+ years","26000"
"2886",NA,"0","710","14.75","< 1 year","10000"
"2887",NA,"0","614","28.33","< 1 year","10000"
"2888",NA,"0","590","59.69","< 1 year","18000"
"2889",NA,"0","606","46.05","< 1 year","30000"
"2890",NA,"0","501","63.86","< 1 year","2000"
"2891",NA,"0","717","53.59","< 1 year","5250"
"2892",NA,"0","620","12.21","< 1 year","2000"
"2893","0","1","797","16.6","5 years","5000"
"2894",NA,"0","733","37.09","< 1 year","35000"
"2895",NA,"0","708","1.33","< 1 year","35000"
"2896",NA,"0","643","47.9","< 1 year","25000"
"2897",NA,"0","646","41.57","< 1 year","10000"
"2898",NA,"0","578","10.02","< 1 year","20000"
"2899",NA,"0","673","42.06","< 1 year","5000"
"2900",NA,"0","671","29.04","10+ years","5000"
"2901",NA,"0","609","22.13","< 1 year","35000"
"2902",NA,"0","698","16","< 1 year","15000"
"2903",NA,"0","613","0.46","3 years","10000"
"2904",NA,"0","568","0","< 1 year","2500"
"2905",NA,"0","630","29.7","< 1 year","25000"
"2906","0","1","687","24.36","3 years","7525"
"2907",NA,"0","656","51.56","< 1 year","15000"
"2908",NA,"0","683","43.13","< 1 year","25000"
"2909",NA,"0","617","0","< 1 year","1000"
"2910",NA,"0","513","961.44","< 1 year","1000"
"2911",NA,"0","610","9.33","< 1 year","3000"
"2912","0","1","702","20.13","2 years","4450"
"2913",NA,"0","714","33.47","< 1 year","8000"
"2914",NA,"0","653","38.57","< 1 year","3000"
"2915","0","1","702","13.2","4 years","7200"
"2916",NA,"0","565","48.54","< 1 year","3000"
"2917",NA,"0","610","0","3 years","1000"
"2918",NA,"0","619","6.55","< 1 year","20000"
"2919",NA,"0","539","15.94","< 1 year","2000"
"2920",NA,"0","679","39.36","< 1 year","35000"
"2921",NA,"0","645","41.45","< 1 year","5000"
"2922",NA,"0","626","47.82","< 1 year","20000"
"2923","0","1","742","25.48","10+ years","4800"
"2924",NA,"0","694","17.07","< 1 year","6000"
"2925",NA,"0","666","7.87","< 1 year","40000"
"2926",NA,"0","630","26.16","< 1 year","2500"
"2927",NA,"0","750","13.59","10+ years","20000"
"2928",NA,"0","656","34.68","< 1 year","14000"
"2929",NA,"0","663","10.79","2 years","25000"
"2930","1","1","697","14.03","2 years","5000"
"2931",NA,"0","664","25.75","< 1 year","4000"
"2932",NA,"0","622","36.52","< 1 year","15000"
"2933",NA,"0","572","567.67","< 1 year","10000"
"2934",NA,"0","661","6.53","< 1 year","35000"
"2935",NA,"0","689","0.56","< 1 year","10000"
"2936",NA,"0","631","10.06","10+ years","20000"
"2937",NA,"0","596","10.45","< 1 year","25000"
"2938",NA,"0","709","0.83","< 1 year","10000"
"2939",NA,"0","723","15.75","< 1 year","40000"
"2940",NA,"0","546","0","< 1 year","3500"
"2941",NA,"0","522","36.21","< 1 year","4000"
"2942",NA,"0","623","3.4","5 years","20000"
"2943",NA,"0","560","46.95","< 1 year","20000"
"2944","0","1","677","26.61","< 1 year","24000"
"2945",NA,"0","622","7.16","10+ years","17000"
"2946",NA,"0","607","7.35","< 1 year","2500"
"2947",NA,"0","632","6.64","< 1 year","24000"
"2948","1","1","687","26.83","10+ years","14000"
"2949",NA,"0","756","10.03","10+ years","35000"
"2950",NA,"0","509","32.37","< 1 year","1000"
"2951","0","1","697","14.08","10+ years","12000"
"2952",NA,"0","480","286","7 years","1500"
"2953",NA,"0","567","54.95","< 1 year","1000"
"2954",NA,"0","706","9.05","< 1 year","10000"
"2955",NA,"0","513","27.31","< 1 year","1000"
"2956",NA,"0","684","27.78","< 1 year","3000"
"2957",NA,"0","678","160.16","< 1 year","5000"
"2958",NA,"0","610","1.47","< 1 year","4000"
"2959","0","1","752","16.75","9 years","9500"
"2960",NA,"0","644","19.26","< 1 year","16000"
"2961",NA,"0","501","29.56","< 1 year","3000"
"2962",NA,"0","486","8.87","< 1 year","10000"
"2963",NA,"0","573","21.13","< 1 year","15000"
"2964",NA,"0","606","37.26","< 1 year","5000"
"2965",NA,"0","689","108.52","< 1 year","9000"
"2966",NA,"0","726","9.16","5 years","35000"
"2967",NA,"0","831","3.14","< 1 year","30000"
"2968",NA,"0","501","43.38","< 1 year","20000"
"2969","0","1","767","3.03","10+ years","7000"
"2970",NA,"0","615","11.3","< 1 year","10000"
"2971",NA,"0","830","7.25","< 1 year","40000"
"2972",NA,"0","534","30.44","< 1 year","5000"
"2973",NA,"0","544","27.5","< 1 year","1000"
"2974",NA,"0","667","40.87","< 1 year","12000"
"2975",NA,"0","708","9999","< 1 year","2500"
"2976",NA,"0","693","57.92","< 1 year","20000"
"2977",NA,"0","759","2.88","< 1 year","7000"
"2978",NA,"0","703","10.63","10+ years","10000"
"2979","0","1","772","0.22","1 year","35000"
"2980",NA,"0","800","0.68","< 1 year","12000"
"2981",NA,"0","588","38.9","< 1 year","3000"
"2982",NA,"0","690","32.9","10+ years","16000"
"2983",NA,"0","706","17.4","< 1 year","5000"
"2984","0","1","687","29.45","4 years","1000"
"2985",NA,"0","624","54.35","< 1 year","10000"
"2986",NA,"0","603","54.98","< 1 year","15000"
"2987",NA,"0","553","27.04","< 1 year","5000"
"2988","0","1","752","5.67","10+ years","30000"
"2989",NA,"0","628","51.73","< 1 year","6000"
"2990","0","1","717","29.84","10+ years","16000"
"2991",NA,"0","589","0","< 1 year","4000"
"2992",NA,"0","633","61.08","2 years","3500"
"2993",NA,"0","617","12.88","< 1 year","5000"
"2994","0","1","797","19.07","10+ years","20000"
"2995",NA,"0","621","15.06","< 1 year","35000"
"2996","0","1","682","7.91","2 years","10000"
"2997",NA,"0","698","47.93","< 1 year","30000"
"2998",NA,"0","582","27.7","< 1 year","25000"
"2999",NA,"0","648","17.06","< 1 year","40000"
"3000","0","1","662","29.02","2 years","7200"
"3001",NA,"0","636","48.69","< 1 year","15000"
"3002",NA,"0","620","53.48","< 1 year","40000"
"3003",NA,"0","675","25.97","< 1 year","3000"
"3004",NA,"0","613","42.71","< 1 year","20000"
"3005",NA,"0","631","16.65","< 1 year","25000"
"3006",NA,"0","651","47.04","< 1 year","5000"
"3007",NA,"0","594","6.91","< 1 year","2500"
"3008","0","1","692","4.9","7 years","30000"
"3009",NA,"0","618","20.43","< 1 year","15000"
"3010",NA,"0","539","36.38","10+ years","10000"
"3011",NA,"0","613","33.5","< 1 year","15000"
"3012",NA,"0","533","51.82","< 1 year","10000"
"3013",NA,"0","653","27.28","< 1 year","15000"
"3014",NA,"0","602","0","< 1 year","1000"
"3015",NA,"0","633","28.36","< 1 year","4000"
"3016",NA,"0","675","24.87","< 1 year","25000"
"3017",NA,"0","592","23.67","< 1 year","3000"
"3018",NA,"0","588","11.23","< 1 year","1000"
"3019","0","1","697","26.31","8 years","6400"
"3020",NA,"0","599","100","< 1 year","10000"
"3021","1","1","667","26.8","2 years","21525"
"3022",NA,"0","798","13.76","< 1 year","20000"
"3023","0","1","667","10.27","1 year","16000"
"3024",NA,"0","511","1.31","< 1 year","15000"
"3025",NA,"0","627","21.18","< 1 year","2500"
"3026",NA,"0","663","22.93","< 1 year","20000"
"3027",NA,"0","580","0","< 1 year","1000"
"3028",NA,"0","568","24.57","< 1 year","1500"
"3029",NA,"0","556","8.52","< 1 year","1000"
"3030",NA,"0","647","1.58","< 1 year","5000"
"3031",NA,"0","632","28.7","< 1 year","2500"
"3032",NA,"0","548","13.31","< 1 year","10000"
"3033",NA,"0","694","36.72","< 1 year","25000"
"3034",NA,"0","716","68.25","< 1 year","7000"
"3035",NA,"0","587","17.65","< 1 year","30000"
"3036",NA,"0","686","41.06","< 1 year","25000"
"3037","0","1","757","16.64","10+ years","20000"
"3038",NA,"0","594","11.64","< 1 year","32250"
"3039",NA,"0","600","57.86","< 1 year","15000"
"3040",NA,"0","693","11.61","10+ years","35000"
"3041",NA,"0","608","19.46","< 1 year","3000"
"3042",NA,"0","634","1.15","< 1 year","16000"
"3043",NA,"0","689","61.88","2 years","30000"
"3044",NA,"0","693","29.88","< 1 year","8500"
"3045",NA,"0","649","32.95","< 1 year","25000"
"3046",NA,"0","682","27.94","< 1 year","10000"
"3047",NA,"0","717","13.64","10+ years","14500"
"3048",NA,"0","504","6.43","< 1 year","3000"
"3049",NA,"0","526","42.13","< 1 year","4000"
"3050",NA,"0","621","1.77","< 1 year","5000"
"3051",NA,"0","663","90.13","< 1 year","10000"
"3052",NA,"0","555","17.49","< 1 year","5000"
"3053","0","1","687","9.88","10+ years","21000"
"3054",NA,"0","583","14.63","< 1 year","1500"
"3055","0","1","682","7.56","1 year","12000"
"3056",NA,"0","511","3.6","< 1 year","5000"
"3057","0","1","702","27.35","4 years","24625"
"3058",NA,"0","492","1","< 1 year","1000"
"3059",NA,"0","584","351.82","< 1 year","1500"
"3060",NA,"0","617","21.04","< 1 year","20000"
"3061",NA,"0","667","26.25","< 1 year","16100"
"3062",NA,"0","727","116.55","< 1 year","35000"
"3063",NA,"0","524","458.01","< 1 year","1500"
"3064",NA,"0","720","16.15","< 1 year","10000"
"3065",NA,"0","660","0.35","< 1 year","10000"
"3066",NA,"0","726","16.45","< 1 year","6000"
"3067",NA,"0","713","40.76","< 1 year","10000"
"3068",NA,"0","590","38.52","< 1 year","15000"
"3069",NA,"0","778","12.24","< 1 year","5000"
"3070",NA,"0","570","28.61","< 1 year","5000"
"3071",NA,"0","572","0.12","< 1 year","1500"
"3072",NA,"0","681","1.31","< 1 year","35000"
"3073",NA,"0","564","15.3","< 1 year","1000"
"3074",NA,"0","681","31.5","6 years","9400"
"3075",NA,"0","654","7.62","< 1 year","10000"
"3076",NA,"0","525","0","< 1 year","35000"
"3077",NA,"0","564","34.72","< 1 year","15000"
"3078",NA,"0","748","17.28","< 1 year","27500"
"3079","0","1","692","21.33","2 years","10500"
"3080","0","1","727","19.71","10+ years","9000"
"3081","0","1","677","6.53","6 years","5000"
"3082","0","1","712","8.68","10+ years","12000"
"3083",NA,"0","668","17.3","< 1 year","25000"
"3084",NA,"0","595","101.97","< 1 year","35000"
"3085",NA,"0","548","10","3 years","1000"
"3086",NA,"0","648","46.19","< 1 year","35000"
"3087",NA,"0","512","85.97","< 1 year","1000"
"3088",NA,"0","501","2.25","< 1 year","2450"
"3089",NA,"0","571","14.12","< 1 year","20000"
"3090","1","1","662","9.08","4 years","3600"
"3091","0","1","687","24.45","4 years","15000"
"3092",NA,"0","716","12.47","< 1 year","15000"
"3093",NA,"0","667","18.16","10+ years","35000"
"3094",NA,"0","581","0.48","< 1 year","5000"
"3095",NA,"0","605","24.73","< 1 year","21000"
"3096",NA,"0","671","26.16","< 1 year","12500"
"3097",NA,"0","670","31.86","< 1 year","6500"
"3098",NA,"0","642","22.3","< 1 year","5000"
"3099",NA,"0","648","38.36","< 1 year","3000"
"3100","0","1","662","7.49","< 1 year","15000"
"3101",NA,"0","657","3.86","10+ years","5000"
"3102",NA,"0","567","39.58","< 1 year","10000"
"3103",NA,"0","554","100","< 1 year","23150"
"3104",NA,"0","680","17.29","< 1 year","20000"
"3105","1","1","687","22.3","6 years","4800"
"3106",NA,"0","560","22.77","< 1 year","18000"
"3107",NA,"0","572","35.79","< 1 year","1500"
"3108",NA,"0","616","12.42","< 1 year","6500"
"3109",NA,"0","645","11.42","< 1 year","10000"
"3110",NA,"0","671","16.02","< 1 year","4000"
"3111",NA,"0","575","61.87","< 1 year","12000"
"3112",NA,"0","690","9999","< 1 year","20000"
"3113",NA,"0","607","11.92","< 1 year","35000"
"3114",NA,"0","653","38.5","< 1 year","10000"
"3115","0","1","682","16.77","10+ years","12000"
"3116",NA,"0","634","11.4","7 years","15000"
"3117",NA,"0","637","42.69","< 1 year","25000"
"3118",NA,"0","616","57.24","< 1 year","20000"
"3119",NA,"0","606","4.88","< 1 year","3000"
"3120",NA,"0","786","100","< 1 year","1000"
"3121","0","1","732","11.36","10+ years","15050"
"3122",NA,"0","501","3.3","< 1 year","1500"
"3123",NA,"0","650","48.26","< 1 year","8000"
"3124",NA,"0","578","36.31","< 1 year","2000"
"3125",NA,"0","616","14","< 1 year","3000"
"3126",NA,"0","568","37.29","< 1 year","25000"
"3127",NA,"0","569","32.28","< 1 year","1000"
"3128",NA,"0","436","1.14","< 1 year","15000"
"3129","0","1","702","12.29","10+ years","20000"
"3130",NA,"0","662","13.85","< 1 year","10000"
"3131","0","1","712","21.75","1 year","17100"
"3132",NA,"0","646","16.03","< 1 year","12500"
"3133",NA,"0","637","22.22","< 1 year","5000"
"3134",NA,"0","503","3.78","< 1 year","1000"
"3135","0","1","692","9.71","< 1 year","3400"
"3136",NA,"0","668","11.19","3 years","10000"
"3137",NA,"0","563","35.74","< 1 year","35000"
"3138",NA,"0","658","35.34","< 1 year","2500"
"3139","0","1","677","9.79","6 years","24000"
"3140",NA,"0","703","41.28","< 1 year","35000"
"3141",NA,"0","642","12.85","< 1 year","4000"
"3142",NA,"0","651","31.73","< 1 year","25000"
"3143",NA,"0","651","45.66","< 1 year","2500"
"3144",NA,"0","610","0","< 1 year","5000"
"3145",NA,"0","638","27.5","< 1 year","4000"
"3146",NA,"0","506","18.72","< 1 year","6000"
"3147",NA,"0","609","5.93","< 1 year","5000"
"3148",NA,"0","641","8.5","< 1 year","5000"
"3149",NA,"0","639","9.37","< 1 year","5000"
"3150",NA,"0","664","100","< 1 year","13450"
"3151","0","1","762","39.52","4 years","28000"
"3152",NA,"0","727","23.23","< 1 year","35000"
"3153","0","1","747","9.47","< 1 year","10000"
"3154",NA,"0","670","52.2","< 1 year","15000"
"3155",NA,"0","711","0","< 1 year","5000"
"3156","0","1","692","11.1","10+ years","5600"
"3157","1","1","667","5.63","10+ years","24000"
"3158",NA,"0","640","35.92","< 1 year","35000"
"3159",NA,"0","652","4.88","< 1 year","40000"
"3160",NA,"0","501","40.84","< 1 year","1000"
"3161",NA,"0","682","14.7","< 1 year","9000"
"3162",NA,"0","556","1.75","< 1 year","2500"
"3163",NA,"0","618","57.97","< 1 year","27500"
"3164",NA,"0","648","8.86","< 1 year","6000"
"3165",NA,"0","695","62.12","< 1 year","2500"
"3166",NA,"0","551","13.8","< 1 year","5000"
"3167",NA,"0","638","10.63","< 1 year","6000"
"3168",NA,"0","604","184.53","< 1 year","10000"
"3169",NA,"0","665","5.6","< 1 year","3500"
"3170",NA,"0","626","19.94","< 1 year","10000"
"3171",NA,"0","696","50.05","< 1 year","15000"
"3172",NA,"0","583","23.73","< 1 year","9000"
"3173",NA,"0","647","46.21","< 1 year","20000"
"3174","0","1","667","18.31","10+ years","35000"
"3175",NA,"0","650","20.57","< 1 year","35000"
"3176",NA,"0","517","63.86","< 1 year","2000"
"3177","0","1","687","27.45","9 years","10825"
"3178",NA,"0","634","17.46","< 1 year","10000"
"3179","0","1","672","18.37","10+ years","20000"
"3180",NA,"0","626","15.19","< 1 year","3000"
"3181",NA,"0","663","15.66","< 1 year","25000"
"3182",NA,"0","630","55.67","< 1 year","3000"
"3183","0","1","717","13.86","2 years","8000"
"3184",NA,"0","677","36.41","< 1 year","30000"
"3185",NA,"0","613","33.03","< 1 year","30000"
"3186","0","1","737","17.8","10+ years","21000"
"3187",NA,"0","593","29.71","< 1 year","16500"
"3188",NA,"0","648","70.25","< 1 year","1000"
"3189",NA,"0","605","36.52","< 1 year","12000"
"3190","0","1","697","7.65","1 year","12000"
"3191",NA,"0","545","20.05","< 1 year","3500"
"3192",NA,"0","522","3.36","< 1 year","3000"
"3193",NA,"0","645","41.12","< 1 year","10000"
"3194",NA,"0","610","39.65","< 1 year","1000"
"3195",NA,"0","699","22.54","2 years","22000"
"3196",NA,"0","574","3.18","< 1 year","23000"
"3197",NA,"0","634","7.84","< 1 year","17000"
"3198",NA,"0","707","3.05","< 1 year","15000"
"3199",NA,"0","654","5.38","< 1 year","15000"
"3200",NA,"0","609","9.73","< 1 year","5000"
"3201",NA,"0","622","12.62","< 1 year","20000"
"3202",NA,"0","616","1.2","< 1 year","1000"
"3203",NA,"0","662","60.32","< 1 year","19000"
"3204",NA,"0","608","33.19","< 1 year","6000"
"3205",NA,"0","661","24.48","10+ years","15000"
"3206",NA,"0","733","24.13","< 1 year","1000"
"3207",NA,"0","567","64.09","< 1 year","5000"
"3208",NA,"0","668","27.41","< 1 year","15000"
"3209",NA,"0","653","16.41","< 1 year","8000"
"3210",NA,"0","666","39.02","< 1 year","10000"
"3211",NA,"0","720","37.58","< 1 year","40000"
"3212","1","1","662","18.12","2 years","13225"
"3213",NA,"0","628","31","< 1 year","8000"
"3214",NA,"0","501","34.95","< 1 year","3000"
"3215",NA,"0","738","53.89","< 1 year","20000"
"3216",NA,"0","627","1.66","< 1 year","35000"
"3217",NA,"0","630","7.63","< 1 year","5000"
"3218",NA,"0","573","14.69","< 1 year","5000"
"3219",NA,"0","660","17.03","< 1 year","7500"
"3220",NA,"0","622","12.92","10+ years","18000"
"3221",NA,"0","641","25.75","< 1 year","7000"
"3222",NA,"0","501","13.79","< 1 year","15000"
"3223",NA,"0","693","1.9","< 1 year","4000"
"3224",NA,"0","697","29.18","10+ years","10000"
"3225",NA,"0","614","18.22","< 1 year","20000"
"3226",NA,"0","701","36.09","< 1 year","7500"
"3227",NA,"0","636","26.17","< 1 year","14000"
"3228",NA,"0","628","11.08","< 1 year","15000"
"3229",NA,"0","638","19.62","< 1 year","9000"
"3230",NA,"0","646","21","< 1 year","20000"
"3231",NA,"0","520","100","< 1 year","1000"
"3232","1","1","712","1.1","5 years","35000"
"3233",NA,"0","501","75.95","< 1 year","2000"
"3234",NA,"0","646","55.31","< 1 year","10000"
"3235",NA,"0","677","22.8","< 1 year","12000"
"3236","0","1","697","13.76","2 years","18275"
"3237",NA,"0","593","33.32","< 1 year","15000"
"3238",NA,"0","585","6.64","< 1 year","5000"
"3239",NA,"0","689","34.11","< 1 year","6500"
"3240",NA,"0","614","25.75","< 1 year","40000"
"3241",NA,"0","728","22.9","< 1 year","40000"
"3242",NA,"0","633","29.11","< 1 year","20000"
"3243",NA,"0","656","0","< 1 year","5000"
"3244",NA,"0","669","40.79","< 1 year","25000"
"3245",NA,"0","698","27.13","< 1 year","4000"
"3246",NA,"0","817","52.42","< 1 year","22000"
"3247",NA,"0","671","24.8","< 1 year","2500"
"3248",NA,"0","661","59.38","< 1 year","10000"
"3249","0","1","707","36.43","7 years","31025"
"3250",NA,"0","560","16.34","< 1 year","3500"
"3251",NA,"0","702","39.66","< 1 year","10000"
"3252",NA,"0","548","8.45","< 1 year","1000"
"3253",NA,"0","676","25.38","5 years","15000"
"3254",NA,"0","670","9999","< 1 year","10000"
"3255",NA,"0","599","20.72","< 1 year","1000"
"3256",NA,"0","707","45.12","< 1 year","9000"
"3257",NA,"0","631","40.56","< 1 year","20000"
"3258",NA,"0","682","38.4","< 1 year","10500"
"3259",NA,"0","651","156.72","< 1 year","2000"
"3260",NA,"0","512","13.87","< 1 year","1000"
"3261","0","1","687","26.25","9 years","8000"
"3262",NA,"0","580","0.94","< 1 year","4000"
"3263",NA,"0","633","20.88","< 1 year","20000"
"3264",NA,"0","785","14.55","< 1 year","3000"
"3265",NA,"0","525","17.22","< 1 year","4500"
"3266",NA,"0","512","2.26","< 1 year","2000"
"3267",NA,"0","587","17.9","< 1 year","12000"
"3268",NA,"0","620","12.74","< 1 year","10000"
"3269",NA,"0","583","2.03","< 1 year","1000"
"3270",NA,"0","664","7.56","< 1 year","9000"
"3271",NA,"0","689","34.33","< 1 year","2000"
"3272",NA,"0","625","21.46","< 1 year","7000"
"3273",NA,"0","612","18.23","< 1 year","12000"
"3274",NA,"0","625","24.23","< 1 year","15000"
"3275","0","1","712","16.38","3 years","20000"
"3276",NA,"0","636","100","< 1 year","22225"
"3277",NA,"0","684","27.52","< 1 year","35000"
"3278","1","1","667","20.91","6 years","6000"
"3279",NA,"0","711","2.85","7 years","12000"
"3280",NA,"0","629","36.61","10+ years","10000"
"3281",NA,"0","670","5.26","< 1 year","1000"
"3282",NA,"0","558","100","< 1 year","16375"
"3283",NA,"0","640","30.23","< 1 year","30000"
"3284",NA,"0","605","6.62","< 1 year","5000"
"3285",NA,"0","588","4.6","< 1 year","1000"
"3286",NA,"0","642","45.84","< 1 year","35000"
"3287",NA,"0","573","6.36","< 1 year","1000"
"3288",NA,"0","628","14.75","< 1 year","1500"
"3289",NA,"0","700","61.02","< 1 year","6000"
"3290",NA,"0","678","23.77","< 1 year","1000"
"3291",NA,"0","723","10.65","10+ years","15000"
"3292",NA,"0","700","59.24","< 1 year","15000"
"3293",NA,"0","655","39.14","< 1 year","15000"
"3294",NA,"0","554","17.93","< 1 year","1000"
"3295",NA,"0","684","6.42","< 1 year","5000"
"3296",NA,"0","837","55.42","< 1 year","40000"
"3297",NA,"0","537","19.15","< 1 year","3025"
"3298",NA,"0","621","18.32","< 1 year","10000"
"3299",NA,"0","456","198.24","< 1 year","12000"
"3300",NA,"0","581","32.61","< 1 year","35000"
"3301",NA,"0","595","0.52","< 1 year","3000"
"3302",NA,"0","525","13.12","< 1 year","10000"
"3303",NA,"0","632","17.2","< 1 year","10000"
"3304",NA,"0","587","48.41","< 1 year","1300"
"3305",NA,"0","695","55.26","< 1 year","1500"
"3306",NA,"0","633","0","< 1 year","1500"
"3307",NA,"0","652","52.08","< 1 year","35000"
"3308",NA,"0","630","8.21","< 1 year","5000"
"3309",NA,"0","545","266.82","< 1 year","2500"
"3310",NA,"0","671","2.87","< 1 year","25000"
"3311",NA,"0","584","21.76","< 1 year","5000"
"3312",NA,"0","632","28.57","< 1 year","25000"
"3313","0","1","662","26.67","10+ years","20000"
"3314",NA,"0","666","26.94","< 1 year","2500"
"3315",NA,"0","757","36.79","< 1 year","20000"
"3316",NA,"0","700","18.92","< 1 year","28000"
"3317",NA,"0","613","52.36","< 1 year","5000"
"3318",NA,"0","532","41.46","< 1 year","21500"
"3319",NA,"0","638","18.15","< 1 year","5000"
"3320",NA,"0","514","24.5","< 1 year","5000"
"3321",NA,"0","723","24.93","< 1 year","15000"
"3322",NA,"0","667","35.8","< 1 year","15000"
"3323",NA,"0","664","14.26","< 1 year","20000"
"3324",NA,"0","624","32.98","< 1 year","7000"
"3325",NA,"0","615","1.06","< 1 year","20000"
"3326","0","1","682","11.94","2 years","5000"
"3327",NA,"0","675","26.6","10+ years","8000"
"3328",NA,"0","622","26.64","< 1 year","20000"
"3329",NA,"0","590","7.55","< 1 year","7000"
"3330",NA,"0","646","0","< 1 year","10000"
"3331","0","1","717","17.95","< 1 year","14000"
"3332",NA,"0","643","100","< 1 year","18125"
"3333",NA,"0","714","12.27","< 1 year","15000"
"3334",NA,"0","667","33.95","< 1 year","6000"
"3335",NA,"0","698","62.21","< 1 year","23000"
"3336",NA,"0","535","73.12","< 1 year","2000"
"3337",NA,"0","620","23.09","< 1 year","5000"
"3338",NA,"0","615","215.25","< 1 year","12000"
"3339",NA,"0","555","16.71","< 1 year","2000"
"3340",NA,"0","560","18.19","< 1 year","3000"
"3341",NA,"0","675","24.25","< 1 year","10000"
"3342",NA,"0","655","1.25","< 1 year","10000"
"3343",NA,"0","732","29.06","< 1 year","30000"
"3344",NA,"0","640","26.78","3 years","20000"
"3345",NA,"0","621","0.11","< 1 year","1500"
"3346",NA,"0","610","14.43","< 1 year","5000"
"3347",NA,"0","586","62.99","< 1 year","10000"
"3348",NA,"0","701","59.55","< 1 year","20000"
"3349",NA,"0","558","0.67","< 1 year","5000"
"3350",NA,"0","712","19.85","< 1 year","40000"
"3351",NA,"0","584","9999","< 1 year","2500"
"3352","0","1","667","7.76","3 years","5600"
"3353",NA,"0","773","12.04","< 1 year","5000"
"3354",NA,"0","588","3.26","< 1 year","5000"
"3355","0","1","662","16.51","2 years","12000"
"3356",NA,"0","647","14.05","< 1 year","10000"
"3357",NA,"0","560","0","< 1 year","1000"
"3358",NA,"0","535","37.64","< 1 year","5000"
"3359",NA,"0","501","1.37","< 1 year","1000"
"3360",NA,"0","648","17.58","2 years","20000"
"3361",NA,"0","665","24.68","< 1 year","10000"
"3362",NA,"0","663","23.73","< 1 year","3000"
"3363","0","1","667","9.48","< 1 year","8000"
"3364",NA,"0","544","0.47","< 1 year","1000"
"3365",NA,"0","704","48.8","< 1 year","9000"
"3366","0","1","697","30.75","< 1 year","20000"
"3367","0","1","677","14.95","2 years","19750"
"3368",NA,"0","674","13.61","< 1 year","20000"
"3369","0","1","697","21.5","10+ years","3200"
"3370",NA,"0","695","49.02","5 years","10000"
"3371",NA,"0","630","13.44","< 1 year","10000"
"3372","0","1","707","29.14","10+ years","5000"
"3373",NA,"0","518","54.66","< 1 year","1000"
"3374",NA,"0","674","48.1","< 1 year","35000"
"3375",NA,"0","592","52.46","< 1 year","13000"
"3376","0","1","677","28.17","8 years","12000"
"3377",NA,"0","654","17.41","< 1 year","25000"
"3378",NA,"0","644","9.09","< 1 year","20000"
"3379","0","1","697","10.78","10+ years","15600"
"3380",NA,"0","566","6.13","< 1 year","10000"
"3381",NA,"0","705","6.72","5 years","10000"
"3382",NA,"0","742","17.96","4 years","10000"
"3383",NA,"0","657","24.04","< 1 year","5000"
"3384",NA,"0","679","12.44","2 years","4000"
"3385",NA,"0","663","1.93","5 years","30000"
"3386",NA,"0","690","49.2","< 1 year","7000"
"3387",NA,"0","556","1.45","< 1 year","5000"
"3388",NA,"0","623","14.4","< 1 year","5000"
"3389",NA,"0","690","7.81","< 1 year","15000"
"3390",NA,"0","624","5.87","< 1 year","1000"
"3391","1","1","687","21.26","10+ years","21125"
"3392","0","1","677","11.46","8 years","4800"
"3393",NA,"0","616","15.44","< 1 year","5000"
"3394",NA,"0","716","6.57","3 years","1000"
"3395",NA,"0","677","150.75","< 1 year","20000"
"3396",NA,"0","616","15.12","< 1 year","13000"
"3397","0","1","697","26.14","10+ years","14250"
"3398",NA,"0","501","3.77","< 1 year","1800"
"3399",NA,"0","535","29.21","< 1 year","15000"
"3400",NA,"0","590","1041.48","< 1 year","25000"
"3401",NA,"0","622","20.18","< 1 year","10000"
"3402",NA,"0","633","20.78","< 1 year","25000"
"3403","0","1","737","18.09","10+ years","15000"
"3404",NA,"0","630","35.81","< 1 year","15000"
"3405",NA,"0","603","1.15","< 1 year","5000"
"3406",NA,"0","652","38.84","< 1 year","40000"
"3407","1","1","662","8.18","10+ years","13250"
"3408",NA,"0","637","27.82","< 1 year","30000"
"3409",NA,"0","669","18.68","< 1 year","20000"
"3410",NA,"0","581","54.18","< 1 year","25000"
"3411",NA,"0","541","0.1","< 1 year","1000"
"3412",NA,"0","641","3.12","< 1 year","4000"
"3413",NA,"0","665","17","< 1 year","11000"
"3414",NA,"0","530","34.26","< 1 year","1500"
"3415",NA,"0","690","30.8","< 1 year","9000"
"3416",NA,"0","594","0.94","5 years","20000"
"3417",NA,"0","640","35.4","< 1 year","20000"
"3418",NA,"0","652","5.96","< 1 year","9000"
"3419",NA,"0","672","32.38","10+ years","10000"
"3420",NA,"0","785","3.9","< 1 year","25000"
"3421",NA,"0","750","2.05","5 years","20000"
"3422",NA,"0","592","113.29","< 1 year","2000"
"3423",NA,"0","643","29.2","< 1 year","5000"
"3424",NA,"0","640","13.05","< 1 year","40000"
"3425",NA,"0","612","4.47","< 1 year","15000"
"3426","0","1","802","11.13","2 years","40000"
"3427",NA,"0","637","22.58","< 1 year","10000"
"3428",NA,"0","619","9.24","< 1 year","35000"
"3429",NA,"0","625","23.77","< 1 year","4000"
"3430",NA,"0","512","13.79","< 1 year","5000"
"3431",NA,"0","684","0.83","< 1 year","5000"
"3432",NA,"0","566","35.07","< 1 year","25000"
"3433",NA,"0","554","24.28","< 1 year","5000"
"3434",NA,"0","636","28.5","< 1 year","2000"
"3435",NA,"0","623","1.69","< 1 year","2500"
"3436",NA,"0","677","13.61","< 1 year","25000"
"3437",NA,"0","694","48.06","< 1 year","25000"
"3438",NA,"0","629","7.17","10+ years","5000"
"3439",NA,"0","637","3.53","< 1 year","1200"
"3440",NA,"0","558","18.03","< 1 year","5000"
"3441",NA,"0","643","29","< 1 year","20000"
"3442",NA,"0","600","5.55","< 1 year","15000"
"3443",NA,"0","554","25.88","< 1 year","1000"
"3444",NA,"0","720","6.38","5 years","35000"
"3445",NA,"0","689","13.12","< 1 year","2000"
"3446",NA,"0","546","1.31","< 1 year","6000"
"3447","0","1","677","14.85","7 years","12000"
"3448",NA,"0","564","4.34","< 1 year","1000"
"3449",NA,"0","597","0","< 1 year","5000"
"3450",NA,"0","561","0.08","< 1 year","35000"
"3451",NA,"0","711","51.31","< 1 year","20000"
"3452","1","1","682","1.17","< 1 year","9450"
"3453",NA,"0","657","3.48","< 1 year","35000"
"3454",NA,"0","581","16.76","< 1 year","10000"
"3455",NA,"0","654","36.77","< 1 year","6000"
"3456",NA,"0","613","36.85","< 1 year","35000"
"3457",NA,"0","701","0","< 1 year","3000"
"3458",NA,"0","657","4.86","< 1 year","5000"
"3459",NA,"0","619","21.7","< 1 year","20000"
"3460",NA,"0","611","16.3","< 1 year","1000"
"3461",NA,"0","657","66.18","< 1 year","5000"
"3462",NA,"0","568","0.23","< 1 year","5000"
"3463",NA,"0","591","1.71","< 1 year","2500"
"3464",NA,"0","563","8.76","< 1 year","40000"
"3465",NA,"0","660","29.09","< 1 year","25000"
"3466",NA,"0","629","7.11","< 1 year","1000"
"3467",NA,"0","653","14.3","< 1 year","3500"
"3468",NA,"0","698","35.74","< 1 year","29000"
"3469","0","1","672","22.98","10+ years","9600"
"3470",NA,"0","583","8.76","< 1 year","35000"
"3471",NA,"0","656","30.27","< 1 year","20000"
"3472",NA,"0","676","30.05","< 1 year","40000"
"3473",NA,"0","544","1.25","5 years","1000"
"3474","1","1","662","21.13","4 years","35000"
"3475",NA,"0","705","0","8 years","5000"
"3476",NA,"0","654","47.68","< 1 year","8000"
"3477",NA,"0","592","4.18","< 1 year","1500"
"3478",NA,"0","602","25.71","< 1 year","25000"
"3479",NA,"0","644","69.18","< 1 year","7000"
"3480","0","1","692","22.46","1 year","6000"
"3481",NA,"0","685","0.91","10+ years","35000"
"3482",NA,"0","628","13.79","10+ years","20000"
"3483",NA,"0","517","0","< 1 year","2000"
"3484",NA,"0","649","15.84","5 years","11000"
"3485",NA,"0","691","360.44","< 1 year","2000"
"3486",NA,"0","611","2.06","< 1 year","15000"
"3487",NA,"0","783","4.14","< 1 year","15000"
"3488",NA,"0","657","7.45","< 1 year","10000"
"3489",NA,"0","688","12.38","< 1 year","20000"
"3490","0","1","707","35.73","9 years","5000"
"3491",NA,"0","674","53.57","< 1 year","20000"
"3492",NA,"0","677","35.36","< 1 year","35000"
"3493",NA,"0","617","18.77","< 1 year","2000"
"3494",NA,"0","555","0","< 1 year","5000"
"3495",NA,"0","495","44.71","< 1 year","2000"
"3496",NA,"0","519","15.94","< 1 year","2500"
"3497",NA,"0","535","21.66","< 1 year","2000"
"3498",NA,"0","580","19.24","< 1 year","20000"
"3499",NA,"0","583","18.13","< 1 year","30000"
"3500",NA,"0","712","5.43","< 1 year","10000"
"3501",NA,"0","621","40.5","< 1 year","17000"
"3502",NA,"0","651","30.54","< 1 year","2800"
"3503",NA,"0","714","1.04","< 1 year","10000"
"3504",NA,"0","766","14.68","< 1 year","40000"
"3505","0","1","712","7.19","10+ years","35000"
"3506",NA,"0","709","21.69","< 1 year","5000"
"3507",NA,"0","639","24.14","< 1 year","3500"
"3508",NA,"0","709","41","< 1 year","30000"
"3509",NA,"0","500","98.03","< 1 year","20000"
"3510",NA,"0","643","8.83","< 1 year","16000"
"3511",NA,"0","556","25.31","< 1 year","2500"
"3512",NA,"0","607","6.34","< 1 year","20000"
"3513",NA,"0","698","55.4","< 1 year","5000"
"3514",NA,"0","653","34.52","< 1 year","16000"
"3515",NA,"0","667","2.17","< 1 year","1000"
"3516",NA,"0","598","0","< 1 year","10000"
"3517",NA,"0","554","0","< 1 year","5000"
"3518",NA,"0","620","13.16","< 1 year","34000"
"3519",NA,"0","662","22.06","< 1 year","30000"
"3520",NA,"0","596","74.23","< 1 year","20000"
"3521",NA,"0","701","39.42","< 1 year","35000"
"3522","0","1","662","26.55","10+ years","25000"
"3523",NA,"0","707","23.57","< 1 year","10000"
"3524",NA,"0","610","48.2","< 1 year","20000"
"3525",NA,"0","648","27.47","< 1 year","16000"
"3526",NA,"0","620","189.82","< 1 year","20000"
"3527",NA,"0","733","50.84","< 1 year","17500"
"3528",NA,"0","538","13.29","< 1 year","25000"
"3529",NA,"0","655","51.9","< 1 year","25000"
"3530",NA,"0","673","7.32","< 1 year","15000"
"3531",NA,"0","611","40.67","< 1 year","40000"
"3532",NA,"0","627","9.9","< 1 year","2500"
"3533",NA,"0","637","31","< 1 year","1000"
"3534",NA,"0","547","36","< 1 year","8000"
"3535",NA,"0","501","5.96","10+ years","1500"
"3536","0","1","687","21.68","1 year","8000"
"3537",NA,"0","643","13.17","2 years","1000"
"3538",NA,"0","642","26.11","< 1 year","35000"
"3539",NA,"0","552","0.72","< 1 year","10000"
"3540",NA,"0","645","61.27","< 1 year","40000"
"3541",NA,"0","613","14.67","< 1 year","30000"
"3542",NA,"0","651","38.66","< 1 year","30000"
"3543",NA,"0","712","12.68","8 years","9000"
"3544","0","1","692","15.91","1 year","25000"
"3545",NA,"0","641","42.14","< 1 year","6000"
"3546",NA,"0","595","15.48","7 years","1000"
"3547",NA,"0","668","31","< 1 year","25000"
"3548",NA,"0","596","20.48","< 1 year","3000"
"3549",NA,"0","587","46.17","< 1 year","1000"
"3550","1","1","752","22.51","< 1 year","5000"
"3551",NA,"0","522","34.48","< 1 year","2000"
"3552","0","1","667","38.85","10+ years","3500"
"3553",NA,"0","521","28.62","< 1 year","6000"
"3554",NA,"0","627","86.28","< 1 year","15000"
"3555",NA,"0","650","34.16","< 1 year","5000"
"3556",NA,"0","656","19.89","< 1 year","18000"
"3557",NA,"0","680","10.8","< 1 year","15000"
"3558",NA,"0","647","12.81","< 1 year","5000"
"3559","1","1","662","20.67","10+ years","5450"
"3560","0","1","707","21.18","10+ years","16000"
"3561","0","1","727","15.22","8 years","15000"
"3562","0","1","742","9.08","8 years","12000"
"3563",NA,"0","675","19.94","< 1 year","28000"
"3564",NA,"0","628","8.78","< 1 year","1000"
"3565",NA,"0","608","19.64","< 1 year","1500"
"3566",NA,"0","663","29.33","< 1 year","3000"
"3567",NA,"0","523","213.58","< 1 year","10000"
"3568",NA,"0","672","6.64","3 years","1500"
"3569",NA,"0","675","7.77","< 1 year","12000"
"3570",NA,"0","661","49.14","< 1 year","20000"
"3571","0","1","702","21.8","4 years","5350"
"3572",NA,"0","586","296.15","< 1 year","1000"
"3573",NA,"0","596","100","< 1 year","8000"
"3574",NA,"0","650","55.44","< 1 year","12000"
"3575",NA,"0","562","28.43","< 1 year","5000"
"3576",NA,"0","679","34.44","< 1 year","30000"
"3577",NA,"0","585","11.95","< 1 year","5000"
"3578",NA,"0","537","43.94","< 1 year","5000"
"3579",NA,"0","674","10.67","< 1 year","20000"
"3580",NA,"0","632","41.79","< 1 year","5000"
"3581",NA,"0","681","9.65","< 1 year","7200"
"3582",NA,"0","617","0","10+ years","10000"
"3583",NA,"0","557","0","< 1 year","1500"
"3584",NA,"0","640","30.52","< 1 year","30000"
"3585",NA,"0","710","3.03","< 1 year","2500"
"3586","0","1","662","6.76","10+ years","4000"
"3587",NA,"0","741","28.88","< 1 year","4000"
"3588",NA,"0","638","30.65","< 1 year","1500"
"3589","1","1","742","23.71","4 years","3000"
"3590",NA,"0","516","15.5","< 1 year","6000"
"3591",NA,"0","662","38.4","< 1 year","7000"
"3592",NA,"0","639","7.2","< 1 year","1500"
"3593",NA,"0","600","0.9","< 1 year","1000"
"3594","0","1","672","22.67","2 years","9225"
"3595",NA,"0","607","31.56","< 1 year","30000"
"3596",NA,"0","673","46.91","< 1 year","10000"
"3597","0","1","667","27.5","10+ years","9000"
"3598",NA,"0","691","0.75","< 1 year","3000"
"3599",NA,"0","686","50.29","5 years","15000"
"3600","0","1","672","26.85","< 1 year","13000"
"3601",NA,"0","648","44.77","< 1 year","10000"
"3602",NA,"0","659","23.49","< 1 year","10000"
"3603",NA,"0","647","9","< 1 year","5000"
"3604",NA,"0","501","43.62","< 1 year","9000"
"3605",NA,"0","545","28.81","< 1 year","5000"
"3606",NA,"0","603","29.38","< 1 year","7500"
"3607",NA,"0","685","2.08","< 1 year","1800"
"3608",NA,"0","610","26.8","< 1 year","5000"
"3609",NA,"0","732","54.4","< 1 year","25000"
"3610","0","1","712","12.06","< 1 year","6500"
"3611",NA,"0","659","23.85","< 1 year","20000"
"3612",NA,"0","545","0","< 1 year","5000"
"3613",NA,"0","647","22.39","< 1 year","10000"
"3614",NA,"0","569","55.82","< 1 year","1000"
"3615",NA,"0","676","6.68","< 1 year","15000"
"3616",NA,"0","654","50.89","< 1 year","10000"
"3617",NA,"0","704","10.59","10+ years","10000"
"3618","0","1","677","37.76","10+ years","8000"
"3619","1","1","672","20.19","8 years","12500"
"3620",NA,"0","759","20.13","8 years","22000"
"3621",NA,"0","621","18.68","< 1 year","5000"
"3622",NA,"0","588","11.13","< 1 year","15000"
"3623",NA,"0","639","46.58","< 1 year","40000"
"3624",NA,"0","606","18.57","< 1 year","7000"
"3625",NA,"0","654","0.32","< 1 year","15000"
"3626",NA,"0","616","2.57","< 1 year","5000"
"3627",NA,"0","767","687.28","< 1 year","10000"
"3628",NA,"0","661","12.49","< 1 year","1000"
"3629","0","1","697","32.22","10+ years","16000"
"3630",NA,"0","692","100","< 1 year","4600"
"3631",NA,"0","616","20.4","< 1 year","20000"
"3632",NA,"0","842","6.73","< 1 year","20000"
"3633",NA,"0","594","17.85","< 1 year","35000"
"3634",NA,"0","694","11.65","4 years","12000"
"3635",NA,"0","600","22.96","10+ years","18000"
"3636",NA,"0","623","31.49","< 1 year","30000"
"3637",NA,"0","552","12.24","< 1 year","2000"
"3638",NA,"0","626","31.2","< 1 year","23000"
"3639",NA,"0","642","13.31","< 1 year","20000"
"3640",NA,"0","652","12.15","< 1 year","35000"
"3641",NA,"0","728","34.2","< 1 year","40000"
"3642",NA,"0","715","1.41","< 1 year","15000"
"3643",NA,"0","673","16.45","< 1 year","2900"
"3644","0","1","702","18.53","10+ years","19200"
"3645",NA,"0","631","42.77","< 1 year","20000"
"3646","0","1","667","24.92","3 years","14600"
"3647",NA,"0","659","3.15","< 1 year","10000"
"3648",NA,"0","545","48.44","< 1 year","2000"
"3649",NA,"0","560","0","< 1 year","2000"
"3650",NA,"0","668","21.91","< 1 year","1000"
"3651",NA,"0","502","7.25","< 1 year","7000"
"3652","1","1","677","21.18","3 years","4000"
"3653",NA,"0","691","20.63","4 years","16000"
"3654",NA,"0","643","9.5","< 1 year","6000"
"3655",NA,"0","597","18.67","< 1 year","7000"
"3656",NA,"0","668","48.12","< 1 year","10000"
"3657",NA,"0","581","30.61","< 1 year","2000"
"3658",NA,"0","663","27.07","10+ years","40000"
"3659",NA,"0","653","0.75","< 1 year","20000"
"3660",NA,"0","641","9.52","< 1 year","10000"
"3661",NA,"0","626","22.23","< 1 year","25000"
"3662",NA,"0","676","53.73","< 1 year","35000"
"3663",NA,"0","701","26.06","< 1 year","29000"
"3664",NA,"0","610","9.03","< 1 year","10000"
"3665",NA,"0","714","14.44","2 years","17000"
"3666","1","1","687","28.45","10+ years","7000"
"3667",NA,"0","651","58.57","< 1 year","5000"
"3668",NA,"0","680","15.14","< 1 year","2500"
"3669",NA,"0","592","18.02","< 1 year","10000"
"3670","0","1","797","18.83","3 years","3900"
"3671",NA,"0","557","35.98","< 1 year","4000"
"3672",NA,"0","690","24.18","< 1 year","10000"
"3673",NA,"0","624","11.98","< 1 year","10000"
"3674",NA,"0","649","9.87","< 1 year","4000"
"3675",NA,"0","633","0","< 1 year","5000"
"3676",NA,"0","687","38.96","< 1 year","40000"
"3677",NA,"0","755","15.33","< 1 year","15000"
"3678",NA,"0","773","12.2","3 years","11000"
"3679","0","1","767","24.61","10+ years","6000"
"3680",NA,"0","552","91","< 1 year","2300"
"3681",NA,"0","719","4.33","< 1 year","1200"
"3682",NA,"0","581","23.71","< 1 year","8000"
"3683","0","1","707","1.48","9 years","35000"
"3684","0","1","702","20.22","5 years","10000"
"3685","0","1","697","11.08","10+ years","15000"
"3686",NA,"0","667","43.2","< 1 year","15000"
"3687","1","1","737","23.16","10+ years","12300"
"3688",NA,"0","712","19.87","6 years","10000"
"3689",NA,"0","597","2.91","< 1 year","1500"
"3690",NA,"0","692","45.03","< 1 year","30000"
"3691",NA,"0","583","0","< 1 year","1000"
"3692",NA,"0","682","0.41","< 1 year","20000"
"3693",NA,"0","806","8.95","4 years","15000"
"3694",NA,"0","718","38.97","1 year","25000"
"3695",NA,"0","683","22.56","< 1 year","12500"
"3696",NA,"0","677","83.01","< 1 year","10000"
"3697",NA,"0","670","56.54","< 1 year","15000"
"3698",NA,"0","607","1.64","< 1 year","5000"
"3699",NA,"0","740","46.01","10+ years","25000"
"3700",NA,"0","654","30.44","< 1 year","9000"
"3701",NA,"0","524","0.62","< 1 year","20000"
"3702",NA,"0","707","23.59","< 1 year","10000"
"3703",NA,"0","657","24.96","< 1 year","25000"
"3704",NA,"0","502","3.71","< 1 year","10000"
"3705",NA,"0","642","27.66","< 1 year","15000"
"3706",NA,"0","622","167.41","< 1 year","5000"
"3707","0","1","702","27.43","6 years","33950"
"3708","0","1","682","26.76","10+ years","18000"
"3709",NA,"0","725","5.04","< 1 year","15000"
"3710","0","1","702","30.05","2 years","16000"
"3711",NA,"0","563","220","< 1 year","2000"
"3712",NA,"0","610","8.08","< 1 year","5000"
"3713",NA,"0","543","1.05","< 1 year","6000"
"3714",NA,"0","630","275.2","< 1 year","7000"
"3715",NA,"0","640","14.36","< 1 year","4000"
"3716","0","1","787","6.84","2 years","22250"
"3717",NA,"0","565","0","< 1 year","1000"
"3718",NA,"0","654","36.95","< 1 year","7000"
"3719","0","1","677","19.46","8 years","24200"
"3720",NA,"0","547","22.08","< 1 year","3500"
"3721",NA,"0","608","21.79","< 1 year","7000"
"3722",NA,"0","630","89.13","< 1 year","5000"
"3723",NA,"0","712","25.7","10+ years","10000"
"3724",NA,"0","613","25.24","< 1 year","12400"
"3725","0","1","747","30.54","10+ years","11200"
"3726",NA,"0","719","72","< 1 year","14800"
"3727",NA,"0","730","14.83","< 1 year","5000"
"3728",NA,"0","631","72.36","< 1 year","10000"
"3729",NA,"0","657","11.43","< 1 year","35000"
"3730","0","1","712","10.29","10+ years","15000"
"3731","0","1","767","16.69","10+ years","12850"
"3732",NA,"0","636","9.32","10+ years","2000"
"3733",NA,"0","748","42.24","< 1 year","12000"
"3734",NA,"0","668","47.79","< 1 year","15000"
"3735",NA,"0","672","11.37","< 1 year","5000"
"3736",NA,"0","658","6.28","< 1 year","1800"
"3737",NA,"0","701","37.23","< 1 year","13000"
"3738",NA,"0","520","7.81","< 1 year","5000"
"3739",NA,"0","494","5.28","< 1 year","10000"
"3740",NA,"0","712","32.43","< 1 year","30000"
"3741",NA,"0","533","46.72","< 1 year","7500"
"3742",NA,"0","501","13.04","< 1 year","2000"
"3743",NA,"0","655","17.94","< 1 year","35000"
"3744",NA,"0","661","7.59","< 1 year","25000"
"3745","0","1","692","29.06","1 year","11000"
"3746",NA,"0","655","12.21","< 1 year","20000"
"3747",NA,"0","630","35.94","< 1 year","8000"
"3748",NA,"0","715","22.37","< 1 year","13000"
"3749",NA,"0","714","100","< 1 year","1000"
"3750",NA,"0","539","25","< 1 year","1000"
"3751",NA,"0","623","45.14","< 1 year","5000"
"3752",NA,"0","620","7.78","< 1 year","20000"
"3753",NA,"0","692","52.86","< 1 year","5000"
"3754",NA,"0","688","16.51","< 1 year","5000"
"3755","1","1","672","5.97","7 years","11850"
"3756",NA,"0","573","6.79","< 1 year","25000"
"3757",NA,"0","683","30.37","< 1 year","8000"
"3758",NA,"0","749","0","< 1 year","25000"
"3759","1","1","682","32.07","9 years","12800"
"3760",NA,"0","609","52.7","< 1 year","20000"
"3761",NA,"0","547","57.2","< 1 year","30000"
"3762",NA,"0","672","37.78","< 1 year","15325"
"3763",NA,"0","580","0","< 1 year","1500"
"3764",NA,"0","754","5.7","10+ years","25000"
"3765",NA,"0","592","16.2","< 1 year","1500"
"3766",NA,"0","672","37.12","< 1 year","17300"
"3767",NA,"0","644","4.88","< 1 year","5000"
"3768",NA,"0","681","42.81","< 1 year","18650"
"3769",NA,"0","648","29.5","< 1 year","35000"
"3770",NA,"0","444","14.48","< 1 year","4000"
"3771",NA,"0","510","8","< 1 year","5000"
"3772",NA,"0","536","31.92","< 1 year","2500"
"3773",NA,"0","576","18.74","< 1 year","5000"
"3774",NA,"0","839","61.25","< 1 year","29675"
"3775",NA,"0","681","48","< 1 year","20000"
"3776",NA,"0","722","37.38","< 1 year","35000"
"3777",NA,"0","627","11.84","< 1 year","5000"
"3778","0","1","722","21.69","10+ years","21500"
"3779","0","1","767","15.92","1 year","15000"
"3780",NA,"0","670","28.06","< 1 year","8000"
"3781",NA,"0","726","8.21","6 years","5000"
"3782",NA,"0","621","24.01","< 1 year","8000"
"3783","0","1","737","14.88","10+ years","13750"
"3784",NA,"0","573","20.92","< 1 year","5000"
"3785",NA,"0","605","12.73","< 1 year","15000"
"3786",NA,"0","613","0","< 1 year","15000"
"3787",NA,"0","661","16.54","< 1 year","5000"
"3788",NA,"0","669","11.86","3 years","9250"
"3789",NA,"0","669","24.05","< 1 year","35000"
"3790",NA,"0","707","0","< 1 year","7500"
"3791",NA,"0","623","60.66","< 1 year","10000"
"3792","1","1","672","26.87","7 years","11950"
"3793",NA,"0","567","0.64","< 1 year","5000"
"3794",NA,"0","623","87.28","< 1 year","40000"
"3795",NA,"0","501","1.67","< 1 year","3000"
"3796",NA,"0","650","21.68","< 1 year","2500"
"3797",NA,"0","527","2.3","< 1 year","20000"
"3798","0","1","682","17.78","< 1 year","6000"
"3799",NA,"0","578","12.78","< 1 year","20000"
"3800",NA,"0","579","65.6","< 1 year","3000"
"3801",NA,"0","620","20.3","5 years","25000"
"3802",NA,"0","558","17.98","< 1 year","7000"
"3803",NA,"0","713","18.47","< 1 year","10000"
"3804",NA,"0","618","19.78","< 1 year","3200"
"3805",NA,"0","514","17.38","< 1 year","15000"
"3806",NA,"0","681","34.16","5 years","25000"
"3807",NA,"0","627","40.77","< 1 year","8000"
"3808",NA,"0","711","37.12","< 1 year","1500"
"3809",NA,"0","682","36.86","< 1 year","5000"
"3810",NA,"0","724","47.31","< 1 year","40000"
"3811","0","1","677","11.44","7 years","12000"
"3812",NA,"0","644","29.64","< 1 year","2000"
"3813","0","1","707","13.93","10+ years","8000"
"3814",NA,"0","501","1","< 1 year","1000"
"3815",NA,"0","700","0","< 1 year","10000"
"3816",NA,"0","570","0","< 1 year","1000"
"3817",NA,"0","650","32.4","< 1 year","15000"
"3818",NA,"0","690","10.34","< 1 year","25000"
"3819",NA,"0","557","1.2","< 1 year","1000"
"3820",NA,"0","640","35.57","< 1 year","5000"
"3821",NA,"0","720","24.65","< 1 year","4000"
"3822",NA,"0","621","3.52","< 1 year","3000"
"3823",NA,"0","742","30.22","5 years","10000"
"3824","0","1","772","24.01","8 years","11725"
"3825",NA,"0","626","19.4","< 1 year","35000"
"3826",NA,"0","608","1.15","< 1 year","10000"
"3827",NA,"0","540","12.32","6 years","5000"
"3828",NA,"0","652","28.46","< 1 year","10000"
"3829",NA,"0","616","62.13","< 1 year","15000"
"3830",NA,"0","835","42.9","< 1 year","7500"
"3831",NA,"0","658","41.46","< 1 year","8500"
"3832",NA,"0","532","9.96","< 1 year","5000"
"3833","0","1","712","17.09","10+ years","20000"
"3834",NA,"0","665","2.83","< 1 year","5000"
"3835",NA,"0","666","17.75","< 1 year","25000"
"3836",NA,"0","769","58.08","< 1 year","15000"
"3837",NA,"0","614","3.21","< 1 year","2500"
"3838",NA,"0","694","17.46","< 1 year","5000"
"3839",NA,"0","639","50.29","< 1 year","10000"
"3840",NA,"0","598","37.63","< 1 year","35000"
"3841",NA,"0","676","22.83","5 years","10000"
"3842",NA,"0","677","27.3","< 1 year","20000"
"3843",NA,"0","645","3.36","5 years","15000"
"3844",NA,"0","779","7.2","2 years","25000"
"3845",NA,"0","506","765.06","< 1 year","10000"
"3846","0","1","707","16.69","1 year","18500"
"3847",NA,"0","652","63.43","< 1 year","12500"
"3848",NA,"0","576","39.02","< 1 year","4500"
"3849",NA,"0","616","3.55","< 1 year","7000"
"3850","0","1","737","8.37","7 years","18250"
"3851",NA,"0","572","17.61","< 1 year","6000"
"3852",NA,"0","604","2.47","< 1 year","1000"
"3853",NA,"0","723","5.18","< 1 year","20000"
"3854",NA,"0","635","16.27","< 1 year","20000"
"3855",NA,"0","672","5.52","< 1 year","10000"
"3856","0","1","662","12.51","< 1 year","6600"
"3857",NA,"0","644","23.89","< 1 year","7000"
"3858",NA,"0","639","169.05","< 1 year","7500"
"3859",NA,"0","555","0","< 1 year","4000"
"3860",NA,"0","674","79.86","< 1 year","3000"
"3861",NA,"0","596","14.75","< 1 year","2000"
"3862","1","1","672","18.35","5 years","35000"
"3863",NA,"0","636","52.79","5 years","15000"
"3864",NA,"0","645","12.06","< 1 year","20000"
"3865",NA,"0","643","2.53","< 1 year","20000"
"3866","0","1","677","13.66","8 years","24000"
"3867",NA,"0","575","25.45","< 1 year","29400"
"3868",NA,"0","556","0","5 years","2500"
"3869",NA,"0","620","43.33","< 1 year","15000"
"3870",NA,"0","614","10.77","< 1 year","10000"
"3871",NA,"0","670","20.88","< 1 year","5000"
"3872",NA,"0","667","28.21","< 1 year","1000"
"3873",NA,"0","637","45.25","< 1 year","30000"
"3874",NA,"0","629","15.59","< 1 year","10000"
"3875",NA,"0","672","32.78","< 1 year","5500"
"3876","0","1","662","19.53","9 years","5275"
"3877","0","1","782","19.09","9 years","15000"
"3878",NA,"0","652","9.6","< 1 year","20000"
"3879","0","1","737","20.03","10+ years","26000"
"3880",NA,"0","680","54.93","< 1 year","2000"
"3881","0","1","727","8.96","< 1 year","12000"
"3882",NA,"0","583","30.94","< 1 year","9000"
"3883",NA,"0","671","65.38","< 1 year","10000"
"3884",NA,"0","639","30.01","< 1 year","10000"
"3885",NA,"0","685","18.48","5 years","9500"
"3886",NA,"0","719","6","< 1 year","10000"
"3887",NA,"0","638","41.37","< 1 year","35000"
"3888",NA,"0","440","21.51","< 1 year","2500"
"3889",NA,"0","670","35.64","< 1 year","20000"
"3890",NA,"0","681","17.79","< 1 year","7500"
"3891",NA,"0","643","17.36","< 1 year","4000"
"3892",NA,"0","661","21.58","< 1 year","10000"
"3893",NA,"0","687","24.47","< 1 year","1000"
"3894",NA,"0","648","46.91","< 1 year","25000"
"3895",NA,"0","562","8.06","< 1 year","10000"
"3896",NA,"0","629","12.4","5 years","1500"
"3897",NA,"0","685","42.87","< 1 year","17000"
"3898",NA,"0","744","10.9","5 years","20000"
"3899",NA,"0","683","28.24","< 1 year","5000"
"3900",NA,"0","539","0","< 1 year","10000"
"3901",NA,"0","616","86.4","< 1 year","5000"
"3902",NA,"0","737","257.6","< 1 year","18000"
"3903",NA,"0","632","36.66","2 years","6500"
"3904",NA,"0","701","37.36","< 1 year","15000"
"3905",NA,"0","643","47.84","< 1 year","10000"
"3906",NA,"0","513","6.72","< 1 year","12000"
"3907",NA,"0","620","41.71","< 1 year","3000"
"3908",NA,"0","634","5.48","< 1 year","1500"
"3909","0","1","692","36.13","10+ years","12000"
"3910",NA,"0","675","9.36","< 1 year","18000"
"3911",NA,"0","668","3.32","< 1 year","2000"
"3912",NA,"0","612","0.53","< 1 year","1000"
"3913",NA,"0","563","1.2","< 1 year","25000"
"3914",NA,"0","529","11.97","< 1 year","5000"
"3915",NA,"0","646","53.37","< 1 year","1000"
"3916","0","1","722","31.49","9 years","26000"
"3917",NA,"0","644","33.39","5 years","20000"
"3918",NA,"0","512","69.57","4 years","25000"
"3919",NA,"0","597","39.74","< 1 year","30000"
"3920",NA,"0","617","1.88","< 1 year","2000"
"3921",NA,"0","739","100","< 1 year","10200"
"3922",NA,"0","549","14.64","< 1 year","5000"
"3923",NA,"0","569","0","< 1 year","5000"
"3924",NA,"0","608","16.02","< 1 year","33200"
"3925",NA,"0","706","62.76","< 1 year","20000"
"3926",NA,"0","683","19.57","< 1 year","5000"
"3927",NA,"0","565","11.87","< 1 year","20000"
"3928",NA,"0","643","22.6","< 1 year","9000"
"3929",NA,"0","503","55.74","< 1 year","5500"
"3930",NA,"0","542","0","< 1 year","1000"
"3931",NA,"0","664","10.96","< 1 year","2500"
"3932",NA,"0","501","17.25","< 1 year","4000"
"3933",NA,"0","560","7.57","< 1 year","3000"
"3934",NA,"0","641","13","< 1 year","35000"
"3935",NA,"0","641","1.03","< 1 year","2000"
"3936",NA,"0","665","6.76","< 1 year","7000"
"3937",NA,"0","646","1.02","< 1 year","5000"
"3938",NA,"0","699","55.02","< 1 year","15000"
"3939",NA,"0","666","8.54","< 1 year","20000"
"3940",NA,"0","590","15.97","< 1 year","5000"
"3941",NA,"0","676","34.96","< 1 year","12000"
"3942",NA,"0","568","30.5","< 1 year","25000"
"3943",NA,"0","565","8.18","< 1 year","3000"
"3944","1","1","662","25.1","10+ years","15000"
"3945",NA,"0","697","31.72","< 1 year","35000"
"3946",NA,"0","670","21.11","< 1 year","12000"
"3947",NA,"0","639","19.31","< 1 year","25000"
"3948",NA,"0","688","30.13","< 1 year","20000"
"3949",NA,"0","700","36.13","< 1 year","35000"
"3950",NA,"0","557","10","< 1 year","10000"
"3951",NA,"0","706","54.99","< 1 year","28000"
"3952",NA,"0","501","18.62","< 1 year","5000"
"3953",NA,"0","515","25.91","< 1 year","25000"
"3954",NA,"0","501","5.78","< 1 year","5000"
"3955",NA,"0","718","31.57","< 1 year","40000"
"3956",NA,"0","669","47.8","< 1 year","10000"
"3957",NA,"0","700","85.82","< 1 year","40000"
"3958",NA,"0","641","13.18","< 1 year","10000"
"3959","0","1","732","13.92","10+ years","15000"
"3960",NA,"0","653","394.23","< 1 year","5000"
"3961","1","1","662","18.08","6 years","8000"
"3962",NA,"0","742","9.91","< 1 year","15000"
"3963",NA,"0","687","247.6","< 1 year","3000"
"3964",NA,"0","672","21.87","< 1 year","16000"
"3965","0","1","712","15.11","7 years","12000"
"3966",NA,"0","661","84.87","< 1 year","7000"
"3967",NA,"0","503","37.41","< 1 year","25000"
"3968",NA,"0","664","30.18","< 1 year","30000"
"3969",NA,"0","558","35.6","< 1 year","7000"
"3970",NA,"0","642","28.65","< 1 year","6000"
"3971","0","1","667","4.36","4 years","8000"
"3972",NA,"0","579","15.29","< 1 year","18000"
"3973",NA,"0","701","8.07","2 years","16000"
"3974",NA,"0","641","23.97","< 1 year","5000"
"3975",NA,"0","725","21.9","10+ years","10000"
"3976",NA,"0","658","49.49","< 1 year","15000"
"3977",NA,"0","583","20.4","< 1 year","20000"
"3978","0","1","812","5.04","10+ years","25000"
"3979",NA,"0","602","13.6","< 1 year","3000"
"3980",NA,"0","648","18.48","< 1 year","40000"
"3981",NA,"0","673","18.56","< 1 year","20000"
"3982",NA,"0","588","0.35","< 1 year","22000"
"3983",NA,"0","501","12.74","< 1 year","1500"
"3984",NA,"0","673","9.74","4 years","10000"
"3985",NA,"0","635","20.35","1 year","5000"
"3986","1","1","662","27.35","10+ years","20000"
"3987",NA,"0","533","100","< 1 year","17725"
"3988",NA,"0","668","21.15","< 1 year","8200"
"3989",NA,"0","698","60.15","< 1 year","40000"
"3990","1","1","662","18.24","10+ years","7125"
"3991",NA,"0","609","12.22","< 1 year","20000"
"3992",NA,"0","653","23.29","8 years","10000"
"3993",NA,"0","592","16.3","< 1 year","40000"
"3994",NA,"0","654","3.48","< 1 year","20000"
"3995",NA,"0","767","26.36","< 1 year","31175"
"3996",NA,"0","590","19.83","< 1 year","7500"
"3997",NA,"0","586","2.31","< 1 year","6000"
"3998",NA,"0","649","11.8","< 1 year","3500"
"3999",NA,"0","685","10.35","< 1 year","10000"
"4000",NA,"0","616","6.62","< 1 year","3825"
"4001",NA,"0","555","10.3","< 1 year","6000"
"4002","0","1","692","9.54","4 years","13000"
"4003",NA,"0","649","17.28","< 1 year","5000"
"4004",NA,"0","665","7.48","< 1 year","1000"
"4005",NA,"0","560","0","< 1 year","5000"
"4006",NA,"0","567","0","< 1 year","1000"
"4007",NA,"0","698","18.79","< 1 year","15000"
"4008",NA,"0","599","3.48","< 1 year","3000"
"4009","0","1","687","28.2","1 year","8825"
"4010",NA,"0","718","27.28","< 1 year","18000"
"4011",NA,"0","621","2.8","< 1 year","6000"
"4012",NA,"0","599","14.82","< 1 year","15000"
"4013","0","1","682","38.33","10+ years","20000"
"4014",NA,"0","590","22.51","< 1 year","40000"
"4015","0","1","662","2.83","10+ years","20000"
"4016",NA,"0","686","21.25","4 years","10000"
"4017",NA,"0","625","4.27","< 1 year","5000"
"4018",NA,"0","609","4.17","10+ years","5000"
"4019",NA,"0","630","100","< 1 year","8675"
"4020",NA,"0","694","16.44","< 1 year","10000"
"4021",NA,"0","545","24.8","< 1 year","10000"
"4022",NA,"0","575","26.06","< 1 year","15000"
"4023","1","1","752","26.26","8 years","24625"
"4024",NA,"0","596","2.67","< 1 year","10000"
"4025",NA,"0","697","39.2","< 1 year","10500"
"4026",NA,"0","695","35.12","< 1 year","15000"
"4027",NA,"0","577","20.19","< 1 year","5000"
"4028","0","1","677","10.68","10+ years","16000"
"4029",NA,"0","501","25.1","< 1 year","1500"
"4030",NA,"0","668","7.46","< 1 year","12000"
"4031",NA,"0","670","0.94","< 1 year","2000"
"4032",NA,"0","599","15.72","< 1 year","14000"
"4033",NA,"0","536","1.91","< 1 year","4000"
"4034",NA,"0","668","24.88","< 1 year","1000"
"4035",NA,"0","631","15.22","< 1 year","20000"
"4036",NA,"0","530","3.12","< 1 year","1000"
"4037",NA,"0","571","29.64","< 1 year","4000"
"4038",NA,"0","648","45.82","< 1 year","35000"
"4039",NA,"0","677","0.81","< 1 year","1000"
"4040",NA,"0","698","17.59","< 1 year","10000"
"4041",NA,"0","536","0.74","< 1 year","1000"
"4042",NA,"0","678","17.6","< 1 year","15000"
"4043",NA,"0","520","14.78","< 1 year","1500"
"4044",NA,"0","719","6.57","5 years","25000"
"4045",NA,"0","525","0.53","< 1 year","5000"
"4046",NA,"0","569","16.96","< 1 year","4500"
"4047",NA,"0","616","12.74","< 1 year","1500"
"4048",NA,"0","448","18.23","< 1 year","1500"
"4049",NA,"0","615","9.63","< 1 year","1500"
"4050",NA,"0","665","28.65","< 1 year","35000"
"4051",NA,"0","605","11.73","< 1 year","6500"
"4052",NA,"0","603","83.36","< 1 year","20000"
"4053",NA,"0","594","32.78","< 1 year","20000"
"4054",NA,"0","684","10.35","< 1 year","20000"
"4055",NA,"0","544","25.3","< 1 year","6000"
"4056",NA,"0","568","1.36","< 1 year","1000"
"4057",NA,"0","617","11.74","< 1 year","15000"
"4058","0","1","667","8.54","6 years","15000"
"4059",NA,"0","501","10.96","< 1 year","5000"
"4060",NA,"0","651","11.41","< 1 year","20000"
"4061",NA,"0","516","0","< 1 year","5000"
"4062",NA,"0","679","48.08","< 1 year","25000"
"4063",NA,"0","678","17.51","< 1 year","40000"
"4064",NA,"0","685","35.61","< 1 year","10000"
"4065",NA,"0","632","19.48","< 1 year","35000"
"4066",NA,"0","619","9.58","< 1 year","5000"
"4067",NA,"0","615","0","< 1 year","1000"
"4068",NA,"0","734","100","< 1 year","23675"
"4069",NA,"0","625","23.73","< 1 year","10000"
"4070",NA,"0","753","37.95","< 1 year","8000"
"4071",NA,"0","605","19.81","< 1 year","11000"
"4072",NA,"0","584","77.3","< 1 year","12000"
"4073",NA,"0","585","0.45","< 1 year","5000"
"4074","0","1","677","28.62","10+ years","10000"
"4075",NA,"0","577","17.56","< 1 year","20000"
"4076",NA,"0","544","19.62","< 1 year","1000"
"4077",NA,"0","682","31677.78","< 1 year","35000"
"4078",NA,"0","655","22.96","< 1 year","35000"
"4079",NA,"0","604","35.93","< 1 year","8000"
"4080","0","1","702","14.93","10+ years","7000"
"4081",NA,"0","623","9.44","< 1 year","10000"
"4082",NA,"0","577","39.73","< 1 year","25000"
"4083",NA,"0","647","66.07","< 1 year","13000"
"4084",NA,"0","592","38.45","< 1 year","10000"
"4085",NA,"0","599","9.7","< 1 year","10000"
"4086",NA,"0","745","22.39","5 years","15975"
"4087","1","1","687","25.89","5 years","18000"
"4088",NA,"0","642","14.28","< 1 year","15000"
"4089",NA,"0","786","70.59","< 1 year","10000"
"4090",NA,"0","565","1.53","< 1 year","25000"
"4091",NA,"0","617","1.5","< 1 year","4500"
"4092",NA,"0","526","48.3","< 1 year","40000"
"4093",NA,"0","681","38.18","< 1 year","14500"
"4094",NA,"0","519","5.38","< 1 year","3000"
"4095",NA,"0","645","15.49","< 1 year","10000"
"4096",NA,"0","684","24.43","< 1 year","20000"
"4097",NA,"0","599","13.76","< 1 year","1000"
"4098",NA,"0","617","8.73","< 1 year","4500"
"4099",NA,"0","737","26.69","< 1 year","30000"
"4100",NA,"0","626","2.36","< 1 year","1200"
"4101",NA,"0","559","21.5","< 1 year","2500"
"4102",NA,"0","534","18.69","< 1 year","35000"
"4103",NA,"0","746","16.64","< 1 year","15000"
"4104",NA,"0","545","0.6","< 1 year","2500"
"4105",NA,"0","740","247.2","< 1 year","40000"
"4106",NA,"0","668","28.95","< 1 year","11000"
"4107",NA,"0","676","27.84","3 years","20000"
"4108",NA,"0","555","9.53","< 1 year","1000"
"4109",NA,"0","673","27.12","< 1 year","5000"
"4110",NA,"0","641","3.91","< 1 year","20000"
"4111",NA,"0","593","44.27","< 1 year","4000"
"4112",NA,"0","736","26.2","10+ years","40000"
"4113","1","1","732","27.28","< 1 year","24000"
"4114",NA,"0","631","16.64","< 1 year","1000"
"4115",NA,"0","610","63.73","< 1 year","15000"
"4116",NA,"0","600","0.58","8 years","5500"
"4117",NA,"0","577","11.28","< 1 year","1000"
"4118",NA,"0","610","24.72","< 1 year","3000"
"4119","0","1","732","16.42","9 years","11750"
"4120",NA,"0","712","80.08","< 1 year","12000"
"4121",NA,"0","652","16.9","< 1 year","4000"
"4122","0","1","687","30.55","< 1 year","19200"
"4123","0","1","672","33.16","3 years","6000"
"4124",NA,"0","573","7.39","< 1 year","5000"
"4125",NA,"0","716","63.89","< 1 year","20000"
"4126","1","1","682","24.68","10+ years","16000"
"4127",NA,"0","595","9.91","< 1 year","10000"
"4128",NA,"0","592","47.39","< 1 year","40000"
"4129",NA,"0","625","18.48","< 1 year","6000"
"4130",NA,"0","652","27.77","< 1 year","15000"
"4131",NA,"0","655","44.52","< 1 year","35000"
"4132",NA,"0","782","61.72","< 1 year","34500"
"4133",NA,"0","662","19.82","< 1 year","2000"
"4134",NA,"0","594","14.4","< 1 year","15000"
"4135",NA,"0","672","35.39","< 1 year","18000"
"4136",NA,"0","638","31.09","< 1 year","10000"
"4137",NA,"0","638","30.98","< 1 year","6000"
"4138","0","1","682","33.13","4 years","5600"
"4139",NA,"0","519","8","< 1 year","1000"
"4140",NA,"0","714","12.45","< 1 year","15000"
"4141",NA,"0","722","32.9","< 1 year","20000"
"4142",NA,"0","700","42.76","< 1 year","10000"
"4143",NA,"0","664","27.81","< 1 year","20000"
"4144",NA,"0","680","44.95","< 1 year","12000"
"4145",NA,"0","596","1.05","< 1 year","5000"
"4146",NA,"0","711","49.35","< 1 year","40000"
"4147",NA,"0","599","7.34","< 1 year","6000"
"4148",NA,"0","604","20.2","< 1 year","25000"
"4149",NA,"0","534","14.52","< 1 year","5000"
"4150",NA,"0","683","28.21","< 1 year","25000"
"4151",NA,"0","561","0.07","< 1 year","2000"
"4152",NA,"0","488","6.97","< 1 year","10000"
"4153",NA,"0","595","14.05","< 1 year","3000"
"4154",NA,"0","590","24.34","< 1 year","18000"
"4155",NA,"0","686","9999","< 1 year","3000"
"4156",NA,"0","694","47.65","< 1 year","25000"
"4157",NA,"0","546","0","2 years","8000"
"4158",NA,"0","662","29.05","< 1 year","30000"
"4159",NA,"0","692","14.23","10+ years","40000"
"4160",NA,"0","649","38.54","< 1 year","3000"
"4161",NA,"0","753","45.14","< 1 year","5000"
"4162",NA,"0","584","10.65","< 1 year","25000"
"4163",NA,"0","608","9.28","< 1 year","1500"
"4164",NA,"0","550","60.6","< 1 year","21000"
"4165","1","1","707","18.11","9 years","8000"
"4166",NA,"0","607","3.07","< 1 year","3000"
"4167",NA,"0","507","17.25","< 1 year","10000"
"4168",NA,"0","676","14.07","< 1 year","3000"
"4169",NA,"0","704","25.96","< 1 year","8000"
"4170","0","1","682","13.31","10+ years","14750"
"4171",NA,"0","643","10.23","< 1 year","35000"
"4172",NA,"0","705","16.78","5 years","15000"
"4173","0","1","692","31.07","10+ years","18000"
"4174",NA,"0","671","49.88","< 1 year","25000"
"4175","1","1","667","12.24","10+ years","9750"
"4176",NA,"0","690","2.96","10+ years","5000"
"4177",NA,"0","665","10.47","< 1 year","2000"
"4178","0","1","707","28.59","9 years","5500"
"4179",NA,"0","618","29.06","< 1 year","7000"
"4180",NA,"0","594","30.95","< 1 year","7000"
"4181",NA,"0","663","30.52","< 1 year","40000"
"4182",NA,"0","570","3.71","< 1 year","1000"
"4183","0","1","757","17.49","4 years","35000"
"4184",NA,"0","569","29.82","< 1 year","3000"
"4185",NA,"0","533","0","< 1 year","5000"
"4186",NA,"0","593","0","< 1 year","35000"
"4187",NA,"0","691","4.55","< 1 year","7000"
"4188",NA,"0","686","22.17","< 1 year","35000"
"4189",NA,"0","677","61.05","< 1 year","25000"
"4190",NA,"0","602","27.83","< 1 year","15000"
"4191","0","1","682","10.58","8 years","25000"
"4192",NA,"0","607","42.56","< 1 year","16150"
"4193",NA,"0","727","32.92","< 1 year","19000"
"4194",NA,"0","517","2.24","< 1 year","12500"
"4195",NA,"0","602","4","< 1 year","1000"
"4196",NA,"0","672","63.39","< 1 year","8000"
"4197",NA,"0","694","35.86","< 1 year","15000"
"4198",NA,"0","660","39.16","< 1 year","11500"
"4199",NA,"0","501","0","4 years","2500"
"4200",NA,"0","501","56.33","< 1 year","10000"
"4201",NA,"0","612","12.66","< 1 year","2000"
"4202",NA,"0","653","33.94","< 1 year","2000"
"4203","0","1","692","23.61","10+ years","14000"
"4204",NA,"0","654","15.96","< 1 year","30000"
"4205",NA,"0","744","2.93","5 years","12000"
"4206",NA,"0","583","25.2","< 1 year","5000"
"4207",NA,"0","623","25.89","< 1 year","10000"
"4208",NA,"0","704","1.78","< 1 year","6000"
"4209",NA,"0","698","63.97","10+ years","10000"
"4210",NA,"0","589","16.27","< 1 year","15000"
"4211",NA,"0","703","31.59","< 1 year","10000"
"4212",NA,"0","721","32.23","< 1 year","8000"
"4213",NA,"0","672","20.37","< 1 year","20000"
"4214",NA,"0","588","23.39","< 1 year","27000"
"4215",NA,"0","683","54.45","< 1 year","23000"
"4216",NA,"0","530","16.98","< 1 year","1000"
"4217",NA,"0","647","16.19","< 1 year","7000"
"4218",NA,"0","666","20.37","< 1 year","10000"
"4219",NA,"0","650","27.85","< 1 year","25000"
"4220",NA,"0","595","6.68","< 1 year","6000"
"4221",NA,"0","636","11.52","7 years","15000"
"4222",NA,"0","564","25.17","< 1 year","40000"
"4223",NA,"0","592","42.72","1 year","5000"
"4224",NA,"0","719","21.25","< 1 year","7500"
"4225",NA,"0","607","3.66","< 1 year","16000"
"4226",NA,"0","646","11.53","< 1 year","8000"
"4227",NA,"0","656","68.21","< 1 year","20000"
"4228",NA,"0","718","44.95","< 1 year","4000"
"4229",NA,"0","698","83.52","< 1 year","30000"
"4230",NA,"0","638","41.6","< 1 year","30000"
"4231",NA,"0","602","0.36","7 years","7500"
"4232","0","1","682","15.06","< 1 year","13000"
"4233",NA,"0","617","74.98","< 1 year","8000"
"4234",NA,"0","563","25.93","< 1 year","25000"
"4235",NA,"0","595","118.47","< 1 year","2500"
"4236",NA,"0","725","17.41","< 1 year","1500"
"4237",NA,"0","646","31.56","< 1 year","20000"
"4238",NA,"0","784","24.52","< 1 year","1000"
"4239",NA,"0","652","1.16","8 years","6000"
"4240",NA,"0","743","100","< 1 year","6350"
"4241",NA,"0","631","5.12","< 1 year","2000"
"4242",NA,"0","614","42.46","< 1 year","7000"
"4243","0","1","662","3.67","5 years","19000"
"4244",NA,"0","636","36.32","< 1 year","25000"
"4245",NA,"0","583","6.53","< 1 year","10000"
"4246",NA,"0","710","31.64","< 1 year","8000"
"4247",NA,"0","581","2.39","< 1 year","5000"
"4248",NA,"0","683","0","5 years","18000"
"4249",NA,"0","646","4.8","5 years","10000"
"4250",NA,"0","675","0","< 1 year","2000"
"4251",NA,"0","564","34.93","< 1 year","4000"
"4252",NA,"0","679","52.85","< 1 year","15000"
"4253",NA,"0","691","35.47","< 1 year","35000"
"4254",NA,"0","686","33.03","9 years","1500"
"4255",NA,"0","636","13.37","< 1 year","5000"
"4256",NA,"0","540","24.56","< 1 year","8000"
"4257","0","1","702","29.98","9 years","19350"
"4258",NA,"0","587","5.23","< 1 year","5000"
"4259",NA,"0","596","37.83","< 1 year","3000"
"4260",NA,"0","560","0.14","< 1 year","5000"
"4261",NA,"0","600","12.3","< 1 year","1500"
"4262",NA,"0","684","24.57","9 years","35000"
"4263",NA,"0","611","16.3","< 1 year","7500"
"4264",NA,"0","677","70.23","< 1 year","25000"
"4265",NA,"0","694","22.8","< 1 year","15000"
"4266",NA,"0","577","49.22","< 1 year","1000"
"4267",NA,"0","695","31.26","< 1 year","10000"
"4268",NA,"0","660","43.28","< 1 year","9000"
"4269",NA,"0","627","8.1","< 1 year","6000"
"4270","0","1","702","26.01","3 years","18125"
"4271",NA,"0","631","2420.48","< 1 year","25000"
"4272",NA,"0","693","12.24","< 1 year","5000"
"4273",NA,"0","688","34.75","< 1 year","25000"
"4274",NA,"0","649","15.89","< 1 year","35000"
"4275",NA,"0","586","13.56","< 1 year","4000"
"4276",NA,"0","595","0","< 1 year","2000"
"4277",NA,"0","712","12.67","< 1 year","9500"
"4278",NA,"0","665","36.6","< 1 year","10000"
"4279",NA,"0","714","3.04","< 1 year","2000"
"4280",NA,"0","763","25.8","< 1 year","40000"
"4281",NA,"0","682","18.96","5 years","10000"
"4282",NA,"0","711","39.11","< 1 year","20000"
"4283",NA,"0","501","7.95","< 1 year","5000"
"4284",NA,"0","682","49.76","1 year","20000"
"4285",NA,"0","798","4.88","< 1 year","40000"
"4286",NA,"0","547","100","< 1 year","11550"
"4287",NA,"0","628","8.96","< 1 year","35000"
"4288",NA,"0","643","23.61","< 1 year","30000"
"4289",NA,"0","653","62.05","< 1 year","15000"
"4290",NA,"0","631","20.18","< 1 year","35000"
"4291",NA,"0","630","0","5 years","7000"
"4292",NA,"0","598","11.12","< 1 year","21000"
"4293",NA,"0","501","0.77","< 1 year","5000"
"4294",NA,"0","659","55.77","< 1 year","8000"
"4295",NA,"0","652","31.39","< 1 year","6000"
"4296",NA,"0","550","6.39","< 1 year","7000"
"4297","0","1","682","20.18","8 years","7000"
"4298",NA,"0","502","12.12","< 1 year","1200"
"4299",NA,"0","663","90.35","< 1 year","1000"
"4300","0","1","672","10.02","1 year","12000"
"4301",NA,"0","617","68.11","< 1 year","30000"
"4302",NA,"0","655","12","< 1 year","5000"
"4303",NA,"0","476","46.65","< 1 year","10000"
"4304",NA,"0","698","34.84","10+ years","10000"
"4305",NA,"0","584","16","< 1 year","5000"
"4306","0","1","662","10.5","10+ years","11375"
"4307",NA,"0","638","14.58","< 1 year","24000"
"4308","0","1","692","22.42","< 1 year","9600"
"4309",NA,"0","582","28.16","< 1 year","20000"
"4310","0","1","787","0.56","10+ years","15000"
"4311",NA,"0","677","10.2","< 1 year","40000"
"4312",NA,"0","627","6.66","< 1 year","10000"
"4313",NA,"0","669","11.65","< 1 year","9000"
"4314",NA,"0","625","40.05","< 1 year","5000"
"4315",NA,"0","626","46.29","< 1 year","24000"
"4316",NA,"0","570","317.67","< 1 year","2000"
"4317",NA,"0","629","18.74","< 1 year","8000"
"4318",NA,"0","639","49.57","< 1 year","18000"
"4319",NA,"0","585","13.86","< 1 year","3600"
"4320",NA,"0","567","37.45","< 1 year","25000"
"4321",NA,"0","577","18.28","5 years","4000"
"4322",NA,"0","535","27.08","< 1 year","2000"
"4323",NA,"0","621","36.56","< 1 year","30000"
"4324",NA,"0","703","39.26","< 1 year","22000"
"4325","0","1","692","27.79","2 years","15000"
"4326","1","1","672","27.28","4 years","16000"
"4327",NA,"0","651","33.14","< 1 year","15000"
"4328","0","1","692","19.88","10+ years","14000"
"4329",NA,"0","620","5.2","< 1 year","10000"
"4330",NA,"0","613","27.06","< 1 year","30000"
"4331",NA,"0","626","24.12","5 years","20000"
"4332",NA,"0","615","2.88","< 1 year","13000"
"4333",NA,"0","644","100","< 1 year","26000"
"4334",NA,"0","698","15.27","10+ years","10000"
"4335",NA,"0","666","36.64","< 1 year","25000"
"4336",NA,"0","554","8.93","< 1 year","8000"
"4337",NA,"0","687","33.2","< 1 year","35000"
"4338",NA,"0","751","4.87","< 1 year","14000"
"4339",NA,"0","727","37.96","< 1 year","10000"
"4340",NA,"0","586","25.68","< 1 year","25000"
"4341","0","1","662","8.76","10+ years","19575"
"4342",NA,"0","643","43.94","< 1 year","16000"
"4343",NA,"0","520","10.51","< 1 year","3000"
"4344",NA,"0","707","30.88","< 1 year","27000"
"4345",NA,"0","456","0","< 1 year","1500"
"4346",NA,"0","743","12.26","7 years","20000"
"4347",NA,"0","561","7.09","< 1 year","1000"
"4348",NA,"0","674","43.62","< 1 year","25000"
"4349",NA,"0","596","49.26","< 1 year","25000"
"4350",NA,"0","682","3.02","< 1 year","1500"
"4351",NA,"0","676","2.83","< 1 year","1000"
"4352",NA,"0","480","12.39","< 1 year","4000"
"4353",NA,"0","651","43.8","< 1 year","3500"
"4354",NA,"0","671","16.37","< 1 year","6000"
"4355",NA,"0","706","8.74","< 1 year","7000"
"4356",NA,"0","637","15.48","< 1 year","2000"
"4357",NA,"0","691","17.74","< 1 year","25000"
"4358",NA,"0","611","23.91","< 1 year","18000"
"4359",NA,"0","554","53.91","< 1 year","40000"
"4360",NA,"0","577","14.53","< 1 year","5000"
"4361",NA,"0","662","39.82","< 1 year","10000"
"4362","0","1","682","27.36","6 years","35000"
"4363",NA,"0","512","8.69","< 1 year","5000"
"4364",NA,"0","715","31.15","< 1 year","1000"
"4365",NA,"0","536","13.17","< 1 year","1500"
"4366",NA,"0","643","7.72","< 1 year","10000"
"4367",NA,"0","623","4.14","< 1 year","15000"
"4368",NA,"0","664","17.63","< 1 year","6000"
"4369",NA,"0","600","23.04","< 1 year","3000"
"4370",NA,"0","731","18.2","10+ years","7500"
"4371",NA,"0","637","18.35","< 1 year","30000"
"4372",NA,"0","644","41.1","< 1 year","7500"
"4373",NA,"0","578","55.83","< 1 year","2500"
"4374",NA,"0","667","4.48","1 year","5000"
"4375",NA,"0","698","1.68","2 years","25000"
"4376","0","1","662","9.37","7 years","5200"
"4377",NA,"0","748","17.33","10+ years","20000"
"4378",NA,"0","626","22.08","< 1 year","4000"
"4379",NA,"0","685","1","< 1 year","5000"
"4380",NA,"0","733","40.59","< 1 year","10000"
"4381",NA,"0","608","5.28","< 1 year","5000"
"4382",NA,"0","686","1450.06","< 1 year","12000"
"4383",NA,"0","649","8.82","5 years","5000"
"4384","0","1","747","12.7","3 years","24375"
"4385",NA,"0","655","10.99","< 1 year","2000"
"4386","0","1","682","25.13","8 years","14400"
"4387",NA,"0","686","32.4","< 1 year","30000"
"4388",NA,"0","505","2.25","< 1 year","8000"
"4389",NA,"0","637","22.37","< 1 year","10000"
"4390",NA,"0","668","29.38","< 1 year","19000"
"4391",NA,"0","769","45.81","< 1 year","30000"
"4392",NA,"0","696","33.68","< 1 year","3000"
"4393","1","1","662","19.13","9 years","14400"
"4394",NA,"0","632","0.05","< 1 year","1000"
"4395",NA,"0","585","63.9","< 1 year","2000"
"4396",NA,"0","574","16.32","< 1 year","11500"
"4397","0","1","697","14.68","5 years","27500"
"4398",NA,"0","628","23.79","< 1 year","10000"
"4399",NA,"0","707","15.03","3 years","10000"
"4400","0","1","662","37.28","2 years","20000"
"4401",NA,"0","608","22.24","< 1 year","3000"
"4402",NA,"0","501","100","< 1 year","22575"
"4403",NA,"0","665","53.24","< 1 year","15000"
"4404",NA,"0","591","20.76","< 1 year","5000"
"4405",NA,"0","697","32.4","< 1 year","15000"
"4406",NA,"0","742","16.25","< 1 year","10000"
"4407",NA,"0","487","11.15","< 1 year","5000"
"4408",NA,"0","648","41.48","< 1 year","10000"
"4409",NA,"0","715","34.08","< 1 year","11000"
"4410",NA,"0","559","37.91","< 1 year","6000"
"4411",NA,"0","598","9.84","< 1 year","1300"
"4412",NA,"0","570","27.15","< 1 year","1500"
"4413","0","1","662","7.6","10+ years","8000"
"4414",NA,"0","650","27.14","10+ years","17500"
"4415",NA,"0","642","21.81","< 1 year","8000"
"4416",NA,"0","670","18.23","< 1 year","34875"
"4417",NA,"0","679","35.42","< 1 year","11000"
"4418",NA,"0","701","0.86","< 1 year","4000"
"4419",NA,"0","658","29.39","< 1 year","13000"
"4420","0","1","677","14.5","7 years","10000"
"4421",NA,"0","665","100","< 1 year","6425"
"4422","0","1","692","21.98","2 years","35000"
"4423",NA,"0","724","9.16","< 1 year","5000"
"4424",NA,"0","639","10.01","< 1 year","18000"
"4425","0","1","672","34.99","7 years","20000"
"4426",NA,"0","501","9.16","< 1 year","1000"
"4427","0","1","717","20.96","3 years","20000"
"4428",NA,"0","670","12.48","10+ years","10000"
"4429",NA,"0","573","22.61","< 1 year","22000"
"4430",NA,"0","648","27.96","< 1 year","4000"
"4431",NA,"0","513","3.25","< 1 year","1000"
"4432",NA,"0","679","29.57","< 1 year","20000"
"4433","0","1","672","26.34","10+ years","10000"
"4434",NA,"0","616","41.49","< 1 year","35000"
"4435",NA,"0","555","8.78","< 1 year","1000"
"4436",NA,"0","664","100","< 1 year","21425"
"4437",NA,"0","660","21.97","< 1 year","24000"
"4438",NA,"0","577","33.07","< 1 year","10000"
"4439",NA,"0","604","0.35","< 1 year","12500"
"4440",NA,"0","703","32.26","< 1 year","6000"
"4441",NA,"0","587","27.72","< 1 year","3000"
"4442",NA,"0","573","47.5","< 1 year","2000"
"4443",NA,"0","567","12.37","< 1 year","1000"
"4444",NA,"0","588","75.67","< 1 year","40000"
"4445",NA,"0","501","31.96","< 1 year","3000"
"4446","1","1","697","25.64","10+ years","9700"
"4447",NA,"0","630","19.54","< 1 year","27000"
"4448","0","1","677","33.29","5 years","20000"
"4449","0","1","672","31.1","10+ years","8400"
"4450",NA,"0","627","18.75","< 1 year","10000"
"4451",NA,"0","567","85.29","< 1 year","5000"
"4452",NA,"0","643","36.47","< 1 year","20000"
"4453",NA,"0","564","27.15","< 1 year","5000"
"4454",NA,"0","629","30.3","< 1 year","20000"
"4455",NA,"0","749","31.7","< 1 year","25000"
"4456",NA,"0","653","17","< 1 year","10000"
"4457",NA,"0","601","1.85","< 1 year","2000"
"4458",NA,"0","540","25.34","< 1 year","3500"
"4459",NA,"0","670","14.05","< 1 year","20000"
"4460",NA,"0","438","11.71","< 1 year","5000"
"4461",NA,"0","620","22.72","< 1 year","20000"
"4462",NA,"0","636","5.14","< 1 year","4000"
"4463","0","1","712","14.74","10+ years","13475"
"4464",NA,"0","540","20.64","< 1 year","5000"
"4465",NA,"0","601","3.98","< 1 year","40000"
"4466",NA,"0","687","25.74","< 1 year","7500"
"4467",NA,"0","611","49.72","< 1 year","12000"
"4468",NA,"0","734","19.17","< 1 year","10000"
"4469","0","1","687","21.12","10+ years","12000"
"4470",NA,"0","645","7.66","< 1 year","20000"
"4471",NA,"0","645","34.99","< 1 year","40000"
"4472",NA,"0","747","4.3","7 years","20000"
"4473",NA,"0","660","17.67","1 year","6500"
"4474","0","1","667","14.92","3 years","6000"
"4475",NA,"0","674","9.46","< 1 year","3000"
"4476",NA,"0","618","2.25","< 1 year","20000"
"4477",NA,"0","649","6.21","9 years","3800"
"4478",NA,"0","652","33.82","< 1 year","35000"
"4479",NA,"0","663","13.35","10+ years","3000"
"4480",NA,"0","549","11.69","< 1 year","2000"
"4481",NA,"0","583","4.56","< 1 year","5000"
"4482",NA,"0","640","21.21","< 1 year","10000"
"4483","1","1","697","18.02","4 years","15000"
"4484","0","1","772","27.26","1 year","2475"
"4485","0","1","712","18.66","3 years","14000"
"4486",NA,"0","688","44.84","< 1 year","4000"
"4487",NA,"0","566","24.72","< 1 year","15000"
"4488",NA,"0","665","71.79","< 1 year","10000"
"4489",NA,"0","709","23.56","< 1 year","20000"
"4490",NA,"0","571","54.97","< 1 year","3000"
"4491",NA,"0","670","27.73","< 1 year","10000"
"4492",NA,"0","589","3.23","< 1 year","4000"
"4493","0","1","682","29.53","2 years","9000"
"4494",NA,"0","659","15.76","< 1 year","10000"
"4495",NA,"0","567","273.08","< 1 year","1500"
"4496",NA,"0","624","11.04","< 1 year","10000"
"4497",NA,"0","708","3.02","8 years","35000"
"4498",NA,"0","504","24.42","< 1 year","1000"
"4499",NA,"0","582","20.36","< 1 year","1500"
"4500",NA,"0","641","15.95","5 years","6000"
"4501",NA,"0","617","8.4","< 1 year","2000"
"4502",NA,"0","643","12.5","< 1 year","6000"
"4503",NA,"0","598","6.01","< 1 year","1000"
"4504",NA,"0","632","19.49","< 1 year","15000"
"4505",NA,"0","563","15.04","< 1 year","2000"
"4506",NA,"0","486","2.13","< 1 year","3500"
"4507","0","1","687","11.22","5 years","7850"
"4508",NA,"0","633","12.91","< 1 year","2500"
"4509",NA,"0","533","252.41","< 1 year","5000"
"4510",NA,"0","618","20.64","< 1 year","10000"
"4511",NA,"0","570","19.58","< 1 year","3500"
"4512",NA,"0","756","38.43","< 1 year","10000"
"4513","1","1","707","15.9","8 years","4000"
"4514",NA,"0","580","23.16","< 1 year","3750"
"4515",NA,"0","505","0.51","< 1 year","5000"
"4516","0","1","707","16.12","3 years","15000"
"4517",NA,"0","736","12.28","3 years","40000"
"4518","0","1","782","10.2","6 years","1750"
"4519","0","1","727","16.36","10+ years","13700"
"4520",NA,"0","704","19562.5","< 1 year","10000"
"4521",NA,"0","708","42.36","< 1 year","9300"
"4522",NA,"0","716","38.04","< 1 year","21000"
"4523","0","1","677","9.29","10+ years","10000"
"4524",NA,"0","751","50.79","< 1 year","10500"
"4525",NA,"0","649","13.84","< 1 year","5000"
"4526",NA,"0","591","22.22","< 1 year","1000"
"4527",NA,"0","631","12.69","< 1 year","8000"
"4528",NA,"0","632","34.82","< 1 year","30000"
"4529",NA,"0","638","33.77","6 years","35000"
"4530",NA,"0","588","14.69","< 1 year","20000"
"4531",NA,"0","645","9.24","< 1 year","8000"
"4532",NA,"0","681","44.17","< 1 year","8000"
"4533",NA,"0","643","12.69","< 1 year","35000"
"4534",NA,"0","715","19.31","< 1 year","20000"
"4535",NA,"0","587","23.43","< 1 year","1200"
"4536",NA,"0","666","42.18","< 1 year","8000"
"4537",NA,"0","684","37.73","< 1 year","12500"
"4538",NA,"0","596","0","5 years","1000"
"4539",NA,"0","635","27.68","< 1 year","13000"
"4540",NA,"0","579","1.98","8 years","1000"
"4541",NA,"0","652","36.34","< 1 year","10000"
"4542","0","1","702","19.77","< 1 year","16000"
"4543",NA,"0","606","7.56","< 1 year","15000"
"4544",NA,"0","657","31.31","< 1 year","2000"
"4545",NA,"0","509","55.97","< 1 year","20000"
"4546",NA,"0","703","9.7","< 1 year","40000"
"4547",NA,"0","591","0","< 1 year","13000"
"4548",NA,"0","626","19.55","6 years","19000"
"4549",NA,"0","596","31.04","< 1 year","6000"
"4550",NA,"0","610","31.53","< 1 year","15000"
"4551",NA,"0","698","18.2","< 1 year","1600"
"4552",NA,"0","631","25.45","< 1 year","8000"
"4553",NA,"0","680","26.49","< 1 year","12000"
"4554",NA,"0","662","23.5","< 1 year","3000"
"4555",NA,"0","473","0","< 1 year","1000"
"4556",NA,"0","688","96.85","< 1 year","35000"
"4557",NA,"0","697","42.05","< 1 year","15000"
"4558",NA,"0","639","21.69","< 1 year","18000"
"4559",NA,"0","671","63.74","< 1 year","35000"
"4560",NA,"0","561","0","< 1 year","3000"
"4561",NA,"0","621","7.12","< 1 year","2000"
"4562",NA,"0","720","18.09","< 1 year","30000"
"4563","0","1","667","6.5","10+ years","6000"
"4564",NA,"0","647","16.31","< 1 year","20000"
"4565","0","1","722","14.96","5 years","15000"
"4566",NA,"0","696","100","< 1 year","17025"
"4567",NA,"0","645","2.91","< 1 year","25000"
"4568",NA,"0","655","7.37","< 1 year","13000"
"4569",NA,"0","683","11.45","10+ years","35000"
"4570",NA,"0","650","12.41","< 1 year","3000"
"4571","0","1","672","34.95","7 years","8000"
"4572",NA,"0","650","12.61","< 1 year","2000"
"4573",NA,"0","846","5.69","< 1 year","10000"
"4574",NA,"0","685","0.5","3 years","30000"
"4575",NA,"0","656","6.96","< 1 year","15000"
"4576",NA,"0","676","38.75","< 1 year","22175"
"4577",NA,"0","712","20.28","10+ years","20000"
"4578",NA,"0","557","3.18","< 1 year","35000"
"4579",NA,"0","542","100","< 1 year","5000"
"4580",NA,"0","607","5.96","< 1 year","2600"
"4581",NA,"0","735","30.59","10+ years","30000"
"4582",NA,"0","681","1.53","< 1 year","10000"
"4583",NA,"0","589","8.93","< 1 year","25000"
"4584",NA,"0","643","3","< 1 year","3000"
"4585",NA,"0","585","11.51","< 1 year","10000"
"4586","1","1","662","23.36","2 years","30000"
"4587",NA,"0","537","31.04","< 1 year","1000"
"4588","0","1","692","6.28","10+ years","8000"
"4589",NA,"0","581","21.59","< 1 year","3000"
"4590",NA,"0","663","7.69","< 1 year","25000"
"4591","1","1","672","18.82","6 years","20125"
"4592",NA,"0","668","11.82","< 1 year","10000"
"4593",NA,"0","639","22.2","< 1 year","15000"
"4594",NA,"0","622","15.99","< 1 year","30000"
"4595",NA,"0","619","23.9","< 1 year","8000"
"4596",NA,"0","638","50.85","< 1 year","6000"
"4597",NA,"0","676","9.24","< 1 year","2500"
"4598",NA,"0","671","18.7","< 1 year","10000"
"4599",NA,"0","622","14.5","< 1 year","15000"
"4600",NA,"0","622","41.22","7 years","40000"
"4601",NA,"0","743","5.8","5 years","17000"
"4602",NA,"0","558","2.98","< 1 year","2000"
"4603",NA,"0","614","17.2","< 1 year","16000"
"4604",NA,"0","569","9.88","< 1 year","5000"
"4605",NA,"0","674","14.18","< 1 year","5000"
"4606",NA,"0","521","21.18","< 1 year","5000"
"4607",NA,"0","577","17.1","< 1 year","6500"
"4608",NA,"0","596","51.69","< 1 year","8000"
"4609",NA,"0","629","17.63","< 1 year","5000"
"4610","0","1","672","26.66","5 years","11575"
"4611",NA,"0","618","8.38","< 1 year","3500"
"4612",NA,"0","556","5.48","< 1 year","1000"
"4613",NA,"0","706","104.31","10+ years","1500"
"4614",NA,"0","634","18.16","< 1 year","11000"
"4615",NA,"0","703","44.87","< 1 year","10000"
"4616","0","1","702","12.52","7 years","10800"
"4617",NA,"0","673","9999","< 1 year","35000"
"4618",NA,"0","665","20.66","< 1 year","20000"
"4619","0","1","662","23.19","6 years","8000"
"4620",NA,"0","677","62.85","< 1 year","10000"
"4621",NA,"0","629","8.72","< 1 year","1500"
"4622",NA,"0","624","32.02","< 1 year","4000"
"4623",NA,"0","665","35.18","< 1 year","10000"
"4624",NA,"0","668","10.04","7 years","20000"
"4625",NA,"0","576","0.3","5 years","20000"
"4626","0","1","677","15.89","10+ years","4800"
"4627",NA,"0","658","4.78","< 1 year","20000"
"4628",NA,"0","655","65.72","< 1 year","5000"
"4629",NA,"0","679","0","< 1 year","1000"
"4630",NA,"0","578","24.29","< 1 year","5000"
"4631","0","1","757","22.71","2 years","13000"
"4632",NA,"0","670","3.77","< 1 year","5000"
"4633",NA,"0","691","10.77","< 1 year","15000"
"4634",NA,"0","696","9.21","< 1 year","35000"
"4635",NA,"0","639","0.63","< 1 year","10000"
"4636",NA,"0","555","45.51","< 1 year","1000"
"4637",NA,"0","604","13.51","< 1 year","5000"
"4638",NA,"0","560","14.14","< 1 year","10000"
"4639",NA,"0","563","0","< 1 year","1000"
"4640",NA,"0","590","6.18","< 1 year","2000"
"4641",NA,"0","640","61.18","< 1 year","23500"
"4642",NA,"0","652","7.51","< 1 year","1000"
"4643",NA,"0","725","1.71","< 1 year","3300"
"4644",NA,"0","646","157.83","< 1 year","1500"
"4645",NA,"0","623","14.05","< 1 year","30000"
"4646",NA,"0","589","7.96","< 1 year","6200"
"4647","1","1","732","17.33","2 years","18000"
"4648",NA,"0","569","8.8","< 1 year","16000"
"4649",NA,"0","626","35.26","< 1 year","3500"
"4650",NA,"0","661","0.86","< 1 year","3000"
"4651",NA,"0","688","9999","< 1 year","35000"
"4652","0","1","662","10.36","10+ years","12000"
"4653",NA,"0","655","66.29","< 1 year","8000"
"4654",NA,"0","671","3.09","< 1 year","7000"
"4655",NA,"0","646","21.56","< 1 year","5000"
"4656",NA,"0","709","21.98","< 1 year","20000"
"4657",NA,"0","730","3.28","< 1 year","14000"
"4658",NA,"0","586","4.14","< 1 year","4000"
"4659",NA,"0","637","29.46","< 1 year","35000"
"4660",NA,"0","682","20.88","< 1 year","20000"
"4661",NA,"0","624","17.46","10+ years","20000"
"4662",NA,"0","701","1.84","< 1 year","25000"
"4663","1","1","667","13.38","10+ years","29450"
"4664",NA,"0","645","12.5","< 1 year","3000"
"4665","0","1","757","13.76","10+ years","5000"
"4666",NA,"0","625","43.64","< 1 year","10000"
"4667",NA,"0","599","27.64","< 1 year","10000"
"4668",NA,"0","718","7.14","< 1 year","20000"
"4669","0","1","662","12.33","3 years","6600"
"4670",NA,"0","694","32.2","8 years","30000"
"4671",NA,"0","638","9.3","< 1 year","5000"
"4672",NA,"0","623","27.16","< 1 year","2000"
"4673",NA,"0","554","13.73","< 1 year","1000"
"4674",NA,"0","687","22.64","< 1 year","40000"
"4675","0","1","697","20.71","9 years","3600"
"4676",NA,"0","594","5.28","< 1 year","1000"
"4677",NA,"0","604","68.7","< 1 year","20000"
"4678",NA,"0","687","22.71","< 1 year","2000"
"4679",NA,"0","613","0","< 1 year","17500"
"4680",NA,"0","583","19.84","< 1 year","1000"
"4681",NA,"0","709","20.46","< 1 year","10000"
"4682",NA,"0","576","17.04","< 1 year","10000"
"4683","0","1","677","16.51","< 1 year","12000"
"4684",NA,"0","570","0","5 years","5000"
"4685",NA,"0","742","100","< 1 year","23275"
"4686",NA,"0","598","19.13","< 1 year","10000"
"4687","0","1","802","22.56","3 years","4000"
"4688",NA,"0","591","44.72","< 1 year","8000"
"4689",NA,"0","614","35.23","< 1 year","19875"
"4690",NA,"0","653","0.71","< 1 year","5000"
"4691",NA,"0","684","22.58","< 1 year","4500"
"4692",NA,"0","659","10.14","< 1 year","13000"
"4693",NA,"0","616","16.83","< 1 year","35000"
"4694",NA,"0","621","1.83","< 1 year","5000"
"4695","0","1","692","14.11","1 year","9750"
"4696",NA,"0","620","30.66","< 1 year","35000"
"4697",NA,"0","545","17.31","< 1 year","4000"
"4698",NA,"0","649","28.62","5 years","13000"
"4699",NA,"0","634","20.27","< 1 year","7600"
"4700",NA,"0","668","39.45","< 1 year","6000"
"4701",NA,"0","630","6.08","< 1 year","15000"
"4702","0","1","687","28.4","3 years","6350"
"4703",NA,"0","616","17.82","< 1 year","5000"
"4704","0","1","752","6.79","10+ years","28000"
"4705","1","1","707","10.55","10+ years","20000"
"4706",NA,"0","702","41.37","< 1 year","7500"
"4707",NA,"0","573","8.61","< 1 year","2000"
"4708",NA,"0","649","10.96","< 1 year","5000"
"4709",NA,"0","634","25.9","5 years","35000"
"4710",NA,"0","731","0.21","< 1 year","7000"
"4711",NA,"0","620","9.66","< 1 year","1000"
"4712",NA,"0","693","46.28","< 1 year","2000"
"4713",NA,"0","672","41.38","< 1 year","6000"
"4714",NA,"0","653","33.72","< 1 year","40000"
"4715",NA,"0","578","1.07","< 1 year","1000"
"4716",NA,"0","668","47.2","< 1 year","35000"
"4717",NA,"0","691","1.85","5 years","7000"
"4718",NA,"0","565","15.24","< 1 year","10000"
"4719",NA,"0","556","14.68","10+ years","5000"
"4720",NA,"0","673","42.52","< 1 year","10000"
"4721",NA,"0","516","0.5","< 1 year","4000"
"4722",NA,"0","686","36.22","3 years","19227"
"4723",NA,"0","746","33.45","10+ years","9000"
"4724",NA,"0","630","13.74","< 1 year","5000"
"4725",NA,"0","643","100","< 1 year","16525"
"4726",NA,"0","571","74.15","< 1 year","2000"
"4727",NA,"0","671","13.7","< 1 year","13000"
"4728",NA,"0","612","5.6","< 1 year","4000"
"4729","0","1","697","18.33","10+ years","10000"
"4730",NA,"0","563","24.36","< 1 year","4500"
"4731",NA,"0","655","23.75","< 1 year","10000"
"4732",NA,"0","667","7.81","< 1 year","15000"
"4733",NA,"0","608","20.24","< 1 year","1000"
"4734",NA,"0","678","4.31","< 1 year","9000"
"4735",NA,"0","608","43.54","< 1 year","21175"
"4736",NA,"0","655","7.04","< 1 year","20000"
"4737",NA,"0","764","8.41","2 years","22000"
"4738",NA,"0","547","15.97","< 1 year","1100"
"4739",NA,"0","591","0","< 1 year","5000"
"4740",NA,"0","690","7.8","< 1 year","9000"
"4741",NA,"0","607","25.25","< 1 year","25000"
"4742",NA,"0","528","35.85","< 1 year","15000"
"4743",NA,"0","784","10.88","< 1 year","25000"
"4744",NA,"0","618","20.28","< 1 year","15000"
"4745","0","1","662","17.07","10+ years","3000"
"4746",NA,"0","758","75.8","< 1 year","25000"
"4747",NA,"0","549","0","< 1 year","5000"
"4748",NA,"0","501","8.1","< 1 year","2500"
"4749",NA,"0","588","2.4","< 1 year","5000"
"4750",NA,"0","629","17.82","< 1 year","3000"
"4751",NA,"0","551","2.16","< 1 year","10000"
"4752",NA,"0","715","20.24","< 1 year","10000"
"4753",NA,"0","583","15.94","< 1 year","15000"
"4754",NA,"0","616","28.39","< 1 year","5000"
"4755",NA,"0","621","79.35","< 1 year","2000"
"4756",NA,"0","669","16.86","< 1 year","30000"
"4757",NA,"0","666","34.9","< 1 year","20000"
"4758",NA,"0","629","10.17","< 1 year","2000"
"4759",NA,"0","751","15.87","< 1 year","10000"
"4760",NA,"0","553","5","< 1 year","10000"
"4761",NA,"0","649","5.64","6 years","30000"
"4762",NA,"0","590","4.54","< 1 year","15000"
"4763",NA,"0","518","40.11","< 1 year","15000"
"4764","0","1","677","17.79","9 years","16500"
"4765",NA,"0","559","32.55","< 1 year","12000"
"4766",NA,"0","634","60.3","< 1 year","10000"
"4767",NA,"0","615","7.13","10+ years","12000"
"4768","0","1","682","17.46","7 years","6000"
"4769",NA,"0","650","23.27","< 1 year","3000"
"4770",NA,"0","612","18.88","< 1 year","40000"
"4771",NA,"0","699","42.11","< 1 year","3000"
"4772",NA,"0","517","30.48","1 year","3500"
"4773",NA,"0","679","16.75","< 1 year","35000"
"4774","1","1","672","30.37","2 years","14400"
"4775","0","1","672","12.75","1 year","12000"
"4776",NA,"0","637","32.8","4 years","3500"
"4777",NA,"0","611","1.26","< 1 year","10000"
"4778",NA,"0","640","0.45","< 1 year","5000"
"4779",NA,"0","501","0","< 1 year","4000"
"4780",NA,"0","707","53.56","< 1 year","10000"
"4781",NA,"0","646","49.87","< 1 year","10000"
"4782",NA,"0","588","16.75","< 1 year","15000"
"4783",NA,"0","702","32.52","< 1 year","25000"
"4784",NA,"0","704","88.9","< 1 year","8000"
"4785","0","1","772","15.49","3 years","18950"
"4786",NA,"0","549","16.13","< 1 year","1000"
"4787",NA,"0","477","1.46","< 1 year","20000"
"4788",NA,"0","637","9.65","< 1 year","5500"
"4789","1","1","697","30.39","2 years","13000"
"4790",NA,"0","620","27.01","< 1 year","2500"
"4791","0","1","677","37.14","10+ years","5000"
"4792",NA,"0","541","1.96","< 1 year","2000"
"4793",NA,"0","680","2.79","< 1 year","20000"
"4794",NA,"0","668","37.78","< 1 year","32500"
"4795",NA,"0","712","8.4","< 1 year","2500"
"4796",NA,"0","701","31.11","< 1 year","6000"
"4797",NA,"0","638","8.45","< 1 year","6300"
"4798",NA,"0","690","6.17","< 1 year","15000"
"4799",NA,"0","656","27.46","< 1 year","35000"
"4800",NA,"0","528","20.48","< 1 year","2500"
"4801",NA,"0","646","20.03","< 1 year","30000"
"4802",NA,"0","619","2.92","< 1 year","5000"
"4803",NA,"0","640","51.4","< 1 year","25000"
"4804",NA,"0","642","8.68","< 1 year","3000"
"4805",NA,"0","666","20.51","< 1 year","12000"
"4806",NA,"0","652","11.28","< 1 year","7500"
"4807",NA,"0","677","24.93","< 1 year","31000"
"4808",NA,"0","648","66.75","< 1 year","35000"
"4809",NA,"0","712","35.08","< 1 year","25000"
"4810",NA,"0","682","58.28","< 1 year","10000"
"4811","0","1","667","21.02","10+ years","12000"
"4812",NA,"0","731","50.8","< 1 year","10000"
"4813",NA,"0","640","13.37","< 1 year","7000"
"4814",NA,"0","729","5.15","2 years","5500"
"4815",NA,"0","566","13.77","< 1 year","1000"
"4816",NA,"0","613","7.91","< 1 year","25000"
"4817",NA,"0","718","50.74","< 1 year","20000"
"4818","1","1","687","31.96","5 years","12000"
"4819","0","1","677","21.71","10+ years","10000"
"4820",NA,"0","703","17.54","< 1 year","15000"
"4821",NA,"0","717","26.61","< 1 year","10000"
"4822",NA,"0","627","43.39","< 1 year","10000"
"4823",NA,"0","655","23.06","< 1 year","7000"
"4824",NA,"0","707","41.13","< 1 year","10000"
"4825",NA,"0","609","17.86","< 1 year","2000"
"4826",NA,"0","543","68.19","< 1 year","2500"
"4827",NA,"0","626","25.44","< 1 year","15000"
"4828",NA,"0","694","100","< 1 year","9575"
"4829",NA,"0","612","8.42","< 1 year","20000"
"4830",NA,"0","708","124.93","< 1 year","7000"
"4831",NA,"0","525","37.83","< 1 year","30000"
"4832",NA,"0","573","5.87","< 1 year","5000"
"4833",NA,"0","637","41.5","< 1 year","34000"
"4834",NA,"0","641","25.72","< 1 year","25000"
"4835",NA,"0","667","30.68","< 1 year","16000"
"4836",NA,"0","715","42.39","< 1 year","35000"
"4837",NA,"0","709","45.19","< 1 year","5000"
"4838",NA,"0","625","17.23","< 1 year","25000"
"4839",NA,"0","590","15.28","< 1 year","35000"
"4840",NA,"0","723","0.54","5 years","10000"
"4841","0","1","717","1.88","3 years","10000"
"4842",NA,"0","657","16.17","< 1 year","20000"
"4843","0","1","667","10.56","1 year","1200"
"4844",NA,"0","592","37.04","< 1 year","1500"
"4845",NA,"0","661","13.17","6 years","10000"
"4846",NA,"0","631","5.82","< 1 year","20000"
"4847",NA,"0","700","57.8","< 1 year","40000"
"4848",NA,"0","600","18.18","< 1 year","21000"
"4849","0","1","692","24.77","1 year","14000"
"4850",NA,"0","690","6.16","8 years","15000"
"4851",NA,"0","664","86.83","< 1 year","5000"
"4852","0","1","682","15.31","10+ years","2800"
"4853",NA,"0","649","50.55","< 1 year","40000"
"4854","0","1","682","5.89","2 years","5000"
"4855",NA,"0","647","17.48","< 1 year","20000"
"4856",NA,"0","625","11.49","< 1 year","8000"
"4857","0","1","717","12.55","4 years","10000"
"4858",NA,"0","575","14.05","< 1 year","2500"
"4859",NA,"0","705","2.35","< 1 year","10000"
"4860",NA,"0","664","37","< 1 year","11325"
"4861",NA,"0","589","14.69","< 1 year","8000"
"4862",NA,"0","646","13.92","< 1 year","20000"
"4863",NA,"0","570","17.55","< 1 year","10000"
"4864",NA,"0","655","51.86","< 1 year","12000"
"4865",NA,"0","588","23.25","< 1 year","30000"
"4866",NA,"0","554","10.79","< 1 year","3000"
"4867",NA,"0","576","16.54","< 1 year","35000"
"4868",NA,"0","562","49.43","< 1 year","30000"
"4869",NA,"0","665","18.13","< 1 year","9000"
"4870",NA,"0","643","1.41","< 1 year","10000"
"4871",NA,"0","730","18.21","< 1 year","5000"
"4872",NA,"0","509","82.63","< 1 year","1000"
"4873",NA,"0","636","7.08","< 1 year","20000"
"4874",NA,"0","609","30.04","< 1 year","5000"
"4875",NA,"0","702","40.54","< 1 year","35000"
"4876",NA,"0","659","21.59","10+ years","35000"
"4877",NA,"0","552","150","< 1 year","1000"
"4878",NA,"0","529","18.51","< 1 year","25000"
"4879","0","1","707","13.22","10+ years","9600"
"4880",NA,"0","791","26.5","< 1 year","25000"
"4881",NA,"0","697","5.52","< 1 year","15000"
"4882",NA,"0","501","0.18","1 year","1000"
"4883",NA,"0","461","12.37","3 years","3000"
"4884",NA,"0","598","31.4","< 1 year","8000"
"4885",NA,"0","693","35.73","< 1 year","35000"
"4886",NA,"0","601","28.38","< 1 year","3000"
"4887",NA,"0","658","36.85","< 1 year","15000"
"4888",NA,"0","644","12.53","< 1 year","7800"
"4889",NA,"0","695","15.23","< 1 year","15000"
"4890",NA,"0","693","53.52","< 1 year","5500"
"4891",NA,"0","528","0","< 1 year","10000"
"4892",NA,"0","652","19.81","< 1 year","10000"
"4893",NA,"0","702","6.63","< 1 year","5000"
"4894",NA,"0","618","3.97","< 1 year","10000"
"4895",NA,"0","598","39.5","< 1 year","10000"
"4896","1","1","672","12.74","10+ years","8350"
"4897",NA,"0","578","25.87","< 1 year","3000"
"4898",NA,"0","591","61.33","< 1 year","16000"
"4899",NA,"0","522","17.36","< 1 year","3500"
"4900",NA,"0","673","107.68","< 1 year","20000"
"4901",NA,"0","716","19.11","9 years","13000"
"4902",NA,"0","550","29.81","< 1 year","5000"
"4903",NA,"0","550","0.6","< 1 year","7000"
"4904",NA,"0","656","46.31","< 1 year","15000"
"4905",NA,"0","646","34.14","< 1 year","10000"
"4906",NA,"0","660","34.8","< 1 year","2000"
"4907",NA,"0","681","30.29","< 1 year","10000"
"4908",NA,"0","678","34.29","9 years","18000"
"4909",NA,"0","624","29.13","< 1 year","1000"
"4910",NA,"0","694","35.4","< 1 year","30000"
"4911",NA,"0","563","45.56","< 1 year","1000"
"4912",NA,"0","661","23.19","< 1 year","35000"
"4913",NA,"0","833","53.15","< 1 year","12000"
"4914",NA,"0","722","5.46","< 1 year","25000"
"4915",NA,"0","641","4.41","< 1 year","10000"
"4916",NA,"0","562","19.74","< 1 year","3000"
"4917",NA,"0","731","26.86","10+ years","25000"
"4918",NA,"0","637","14.83","< 1 year","10000"
"4919",NA,"0","566","625.56","< 1 year","2000"
"4920",NA,"0","596","16.56","< 1 year","10000"
"4921",NA,"0","618","34.68","< 1 year","10000"
"4922",NA,"0","627","84.46","< 1 year","20000"
"4923",NA,"0","671","23.39","< 1 year","5000"
"4924",NA,"0","572","0","< 1 year","4000"
"4925",NA,"0","556","48.78","< 1 year","30000"
"4926","0","1","697","17.05","10+ years","18000"
"4927",NA,"0","726","0","< 1 year","10000"
"4928","0","1","687","8.97","10+ years","24000"
"4929","1","1","687","26.3","< 1 year","16000"
"4930","0","1","667","9","6 years","7000"
"4931",NA,"0","821","20.44","< 1 year","20000"
"4932",NA,"0","671","0.63","< 1 year","2500"
"4933",NA,"0","705","0.46","< 1 year","25000"
"4934",NA,"0","559","30.7","< 1 year","7500"
"4935",NA,"0","667","0.71","4 years","5000"
"4936",NA,"0","640","14.31","< 1 year","25000"
"4937",NA,"0","626","13.47","< 1 year","3600"
"4938","0","1","697","11.98","< 1 year","9000"
"4939",NA,"0","600","51.45","< 1 year","3000"
"4940",NA,"0","685","24","< 1 year","20000"
"4941",NA,"0","687","20.73","< 1 year","8000"
"4942",NA,"0","687","43.47","5 years","35000"
"4943",NA,"0","566","118.37","< 1 year","28000"
"4944",NA,"0","763","23.89","< 1 year","1000"
"4945",NA,"0","592","9.03","< 1 year","15000"
"4946",NA,"0","673","50.22","< 1 year","25500"
"4947",NA,"0","696","32.54","< 1 year","10000"
"4948",NA,"0","601","21.3","< 1 year","25000"
"4949",NA,"0","613","30.97","< 1 year","25000"
"4950",NA,"0","629","38.33","8 years","4000"
"4951","1","1","707","13.38","< 1 year","2000"
"4952","0","1","722","28.44","10+ years","18000"
"4953",NA,"0","648","17.7","< 1 year","10000"
"4954",NA,"0","646","34.31","< 1 year","35000"
"4955",NA,"0","653","2.97","< 1 year","8000"
"4956",NA,"0","685","16.56","10+ years","30000"
"4957","0","1","697","26.27","10+ years","5000"
"4958","0","1","742","7.96","7 years","6950"
"4959",NA,"0","638","66.8","< 1 year","7500"
"4960",NA,"0","708","5.46","7 years","15000"
"4961",NA,"0","681","15.99","10+ years","10000"
"4962","0","1","767","22.6","< 1 year","10000"
"4963",NA,"0","622","1.73","5 years","10000"
"4964",NA,"0","614","58.68","< 1 year","20000"
"4965",NA,"0","625","1.5","< 1 year","1000"
"4966",NA,"0","594","19.47","< 1 year","10000"
"4967","0","1","682","4.78","10+ years","5000"
"4968","0","1","692","16.08","10+ years","5600"
"4969",NA,"0","596","21.77","< 1 year","7000"
"4970",NA,"0","637","25.78","< 1 year","15000"
"4971",NA,"0","642","51.12","10+ years","35000"
"4972",NA,"0","718","64.17","< 1 year","12000"
"4973",NA,"0","657","28.02","< 1 year","40000"
"4974",NA,"0","667","5.89","< 1 year","5000"
"4975",NA,"0","663","13.3","< 1 year","1000"
"4976",NA,"0","654","92.38","< 1 year","10000"
"4977",NA,"0","422","10.91","< 1 year","10000"
"4978",NA,"0","557","44.33","< 1 year","35000"
"4979",NA,"0","517","122.4","< 1 year","1000"
"4980",NA,"0","682","33.24","5 years","12000"
"4981",NA,"0","572","31.22","< 1 year","25500"
"4982","0","1","742","19.04","9 years","13000"
"4983",NA,"0","618","47.65","< 1 year","3000"
"4984",NA,"0","585","14.79","< 1 year","5000"
"4985",NA,"0","760","46.53","< 1 year","35000"
"4986",NA,"0","707","0.98","< 1 year","3000"
"4987",NA,"0","655","4.95","< 1 year","15000"
"4988",NA,"0","634","2.11","< 1 year","5000"
"4989","0","1","667","21.8","10+ years","5000"
"4990",NA,"0","627","21.53","< 1 year","1000"
"4991",NA,"0","550","100","< 1 year","9150"
"4992",NA,"0","643","34.76","< 1 year","13000"
"4993",NA,"0","564","3.56","1 year","5000"
"4994",NA,"0","584","2.99","< 1 year","20000"
"4995",NA,"0","653","28.84","< 1 year","9800"
"4996",NA,"0","656","42.65","< 1 year","40000"
"4997",NA,"0","585","3.06","< 1 year","2000"
"4998",NA,"0","655","14.38","< 1 year","10000"
"4999",NA,"0","627","16.06","< 1 year","1000"
"5000",NA,"0","760","32.55","< 1 year","6000"
